,reason1,reason2,reason3,reason4,month,week_day,Transportation Expense,Distance to Work,Age,Daily Work Load Average,Body Mass Index,Education,Children,Pets,Absenteeism Time in Hours
0,0,0,0,1,7,2,1.0058443707754152,0.41281583670825295,-0.5360623885302863,-0.8063312930931505,0.7674311803407343,1,2,1,4
1,0,0,0,0,7,2,-1.5746809776571293,-1.1418824021228282,2.1308031731379447,-0.8063312930931505,1.0026333809705565,1,1,0,0
2,0,0,0,1,7,3,-0.6541426954677421,1.4267494707285233,0.24830983548978164,-0.8063312930931505,1.0026333809705565,1,0,0,2
3,1,0,0,0,7,4,0.854936455662401,-1.682647006933639,0.4051842802937953,-0.8063312930931505,-0.643782023438199,1,2,0,4
4,0,0,0,1,7,4,1.0058443707754152,0.41281583670825295,-0.5360623885302863,-0.8063312930931505,0.7674311803407343,1,2,1,2
5,0,0,0,1,7,5,-0.6541426954677421,1.4267494707285233,0.24830983548978164,-0.8063312930931505,1.0026333809705565,1,0,0,2
6,0,0,0,1,7,5,2.092381359589118,1.4943450463298746,-1.3204346125503543,-0.8063312930931505,0.061824578451267674,1,1,4,8
7,0,0,0,1,7,5,0.5682114169476737,1.359153895127172,-0.06543905411824555,-0.8063312930931505,-0.8789842240680212,1,4,0,4
8,0,0,1,0,7,1,-1.0163216917389764,-1.2094779777241795,-0.37918794372627274,-0.8063312930931505,-0.4085798228083768,1,2,0,40
9,0,0,0,1,7,1,0.19094162916513804,-1.2770735533255309,0.09143539068576804,-0.8063312930931505,0.5322289797109121,0,1,1,8
10,1,0,0,0,7,1,0.5682114169476737,1.359153895127172,-0.06543905411824555,-0.8063312930931505,-0.8789842240680212,1,4,0,8
11,1,0,0,0,7,2,0.5682114169476737,1.359153895127172,-0.06543905411824555,-0.8063312930931505,-0.8789842240680212,1,4,0,8
12,1,0,0,0,7,3,0.5682114169476737,1.359153895127172,-0.06543905411824555,-0.8063312930931505,-0.8789842240680212,1,4,0,8
13,1,0,0,0,7,3,-0.6541426954677421,1.4267494707285233,0.24830983548978164,-0.8063312930931505,1.0026333809705565,1,0,0,1
14,0,0,0,1,7,3,-0.6541426954677421,1.4267494707285233,0.24830983548978164,-0.8063312930931505,1.0026333809705565,1,0,0,4
15,1,0,0,0,7,5,0.3569403357894538,-0.33073549490661197,0.7189331699018224,-0.8063312930931505,-0.8789842240680212,1,0,0,8
16,0,0,0,1,7,5,-0.6541426954677421,1.4267494707285233,0.24830983548978164,-0.8063312930931505,1.0026333809705565,1,0,0,2
17,0,0,1,0,7,1,-0.6541426954677421,1.4267494707285233,0.24830983548978164,-0.8063312930931505,1.0026333809705565,1,0,0,8
18,1,0,0,0,7,4,-0.5032347803547277,-0.060353192501206535,-0.5360623885302863,-0.8063312930931505,-0.4085798228083768,1,2,2,8
19,0,0,0,1,8,3,0.38712191881205665,-0.33073549490661197,1.6601798387259041,-1.647399128208504,1.2378355816003788,1,2,1,2
20,1,0,0,0,8,3,1.624566822738774,-0.9390956753187741,-1.3204346125503543,-1.647399128208504,-0.4085798228083768,0,0,0,8
21,1,0,0,0,8,1,-0.6541426954677421,1.4267494707285233,0.24830983548978164,-1.647399128208504,1.0026333809705565,1,0,0,1
22,1,0,0,0,8,1,2.092381359589118,1.4943450463298746,-1.3204346125503543,-1.647399128208504,0.061824578451267674,1,1,4,40
23,0,0,0,1,8,5,0.5682114169476737,1.359153895127172,-0.06543905411824555,-1.647399128208504,-0.8789842240680212,1,4,0,4
24,0,0,1,0,8,1,1.0058443707754152,0.41281583670825295,-0.5360623885302863,-1.647399128208504,0.7674311803407343,1,2,1,8
25,0,0,0,1,8,1,2.092381359589118,1.4943450463298746,-1.3204346125503543,-1.647399128208504,0.061824578451267674,1,1,4,7
26,0,0,0,1,8,2,1.0058443707754152,0.41281583670825295,-0.5360623885302863,-1.647399128208504,0.7674311803407343,1,2,1,1
27,0,0,0,1,8,3,-0.9861401087163735,-0.19554434370390925,-1.1635601677463407,-1.647399128208504,-1.1141864246978435,1,0,0,4
28,0,0,1,0,8,3,1.0058443707754152,0.41281583670825295,-0.5360623885302863,-1.647399128208504,0.7674311803407343,1,2,1,8
29,0,0,0,1,8,5,-0.6541426954677421,1.4267494707285233,0.24830983548978164,-1.647399128208504,1.0026333809705565,1,0,0,2
30,0,0,1,0,8,1,-0.6541426954677421,1.4267494707285233,0.24830983548978164,-1.647399128208504,1.0026333809705565,1,0,0,8
31,0,0,1,0,8,4,0.19094162916513804,-0.060353192501206535,1.8170542835299177,-1.647399128208504,1.473037782230201,1,1,5,8
32,0,0,0,1,8,4,0.19094162916513804,-1.2770735533255309,0.09143539068576804,-1.647399128208504,0.5322289797109121,0,1,1,4
33,0,0,1,0,8,1,0.19094162916513804,-0.060353192501206535,1.8170542835299177,-1.647399128208504,1.473037782230201,1,1,5,8
34,0,0,0,1,8,1,-0.6541426954677421,1.4267494707285233,0.24830983548978164,-1.647399128208504,1.0026333809705565,1,0,0,2
35,0,0,0,1,8,1,2.092381359589118,1.4943450463298746,-1.3204346125503543,-1.647399128208504,0.061824578451267674,1,1,4,1
36,0,0,0,1,8,2,1.0058443707754152,0.41281583670825295,-0.5360623885302863,-1.647399128208504,0.7674311803407343,1,2,1,8
37,1,0,0,0,8,4,1.036025953798018,1.359153895127172,-0.6929368333343,-1.647399128208504,-0.8789842240680212,1,0,0,4
38,0,0,0,1,8,5,0.19094162916513804,-0.060353192501206535,1.8170542835299177,-1.647399128208504,1.473037782230201,1,1,5,8
39,0,0,0,1,8,5,0.5682114169476737,1.359153895127172,-0.06543905411824555,-1.647399128208504,-0.8789842240680212,1,4,0,4
40,0,0,0,1,9,2,-0.5786887379112349,0.8183892903163611,-1.477309057354368,-0.7582731315718583,-1.3493886253276657,1,0,0,2
41,0,0,0,1,9,1,-1.5746809776571293,-1.3446691289268822,0.09143539068576804,-0.7582731315718583,0.2970267790810899,1,0,0,4
42,0,0,0,1,9,2,-0.6541426954677421,1.4267494707285233,0.24830983548978164,-0.7582731315718583,1.0026333809705565,1,0,0,4
43,0,0,1,0,9,2,0.19094162916513804,-0.6687133729133687,1.0326820595098496,-0.7582731315718583,2.6490487853793123,1,1,0,8
44,0,0,0,1,9,3,-1.0163216917389764,-1.2094779777241795,-0.37918794372627274,-0.7582731315718583,-0.4085798228083768,1,2,0,2
45,0,0,0,1,9,7,-1.5746809776571293,-1.3446691289268822,0.09143539068576804,-0.7582731315718583,0.2970267790810899,1,0,0,3
46,0,0,0,1,9,1,-0.6541426954677421,1.4267494707285233,0.24830983548978164,-0.7582731315718583,1.0026333809705565,1,0,0,3
47,0,0,0,1,9,4,1.036025953798018,0.07483795870149618,0.5620587250978089,-0.7582731315718583,-0.4085798228083768,1,1,1,4
48,0,0,0,1,9,5,0.5682114169476737,1.359153895127172,-0.06543905411824555,-0.7582731315718583,-0.8789842240680212,1,4,0,8
49,1,0,0,0,9,1,1.036025953798018,0.07483795870149618,0.5620587250978089,-0.7582731315718583,-0.4085798228083768,1,1,1,32
50,0,0,0,0,9,1,0.5682114169476737,1.359153895127172,-0.06543905411824555,-0.7582731315718583,-0.8789842240680212,1,4,0,0
51,0,0,0,0,9,1,0.04003371405212374,-0.2631399193052606,-1.3204346125503543,-0.7582731315718583,-0.643782023438199,1,1,2,0
52,0,0,0,1,9,2,0.04003371405212374,-0.2631399193052606,-1.3204346125503543,-0.7582731315718583,-0.643782023438199,1,1,2,2
53,0,0,0,1,9,2,-1.5746809776571293,-1.3446691289268822,0.09143539068576804,-0.7582731315718583,0.2970267790810899,1,0,0,2
54,0,0,0,0,9,2,1.0058443707754152,0.41281583670825295,-0.5360623885302863,-0.7582731315718583,0.7674311803407343,1,2,1,0
55,0,0,0,0,9,2,-1.5746809776571293,-1.1418824021228282,2.1308031731379447,-0.7582731315718583,1.0026333809705565,1,1,0,0
56,0,0,1,0,9,3,0.04003371405212374,-0.2631399193052606,-1.3204346125503543,-0.7582731315718583,-0.643782023438199,1,1,2,3
57,0,0,0,1,9,3,-0.6541426954677421,1.4267494707285233,0.24830983548978164,-0.7582731315718583,1.0026333809705565,1,0,0,3
58,0,0,0,0,9,3,2.2131076916795296,-0.8715000997174228,-0.8498112781383136,-0.7582731315718583,-0.4085798228083768,1,3,0,0
59,0,0,0,1,9,5,0.38712191881205665,-0.33073549490661197,1.6601798387259041,-0.7582731315718583,1.2378355816003788,1,2,1,1
60,0,0,0,1,9,5,-0.6541426954677421,1.4267494707285233,0.24830983548978164,-0.7582731315718583,1.0026333809705565,1,0,0,3
61,0,0,0,1,9,5,0.5682114169476737,1.359153895127172,-0.06543905411824555,-0.7582731315718583,-0.8789842240680212,1,4,0,4
62,0,0,0,1,10,2,-0.6541426954677421,1.4267494707285233,0.24830983548978164,-0.45849722185345365,1.0026333809705565,1,0,0,3
63,0,0,0,1,10,2,-1.5746809776571293,-1.3446691289268822,0.09143539068576804,-0.45849722185345365,0.2970267790810899,1,0,0,3
64,0,0,0,0,10,3,-1.5746809776571293,-1.1418824021228282,2.1308031731379447,-0.45849722185345365,1.0026333809705565,1,1,0,0
65,0,0,0,1,10,4,-0.6541426954677421,-0.2631399193052606,-1.0066857229423272,-0.45849722185345365,-1.8197930265873101,0,0,0,1
66,0,0,0,1,10,5,-0.6541426954677421,1.4267494707285233,0.24830983548978164,-0.45849722185345365,1.0026333809705565,1,0,0,3
67,0,0,0,1,10,5,0.04003371405212374,-0.2631399193052606,-1.3204346125503543,-0.45849722185345365,-0.643782023438199,1,1,2,3
68,0,0,0,1,10,2,-1.5746809776571293,-1.3446691289268822,0.09143539068576804,-0.45849722185345365,0.2970267790810899,1,0,0,3
69,0,0,0,1,10,3,0.04003371405212374,-0.2631399193052606,-1.3204346125503543,-0.45849722185345365,-0.643782023438199,1,1,2,2
70,0,0,0,1,10,3,0.38712191881205665,-0.33073549490661197,1.6601798387259041,-0.45849722185345365,1.2378355816003788,1,2,1,2
71,0,0,0,1,10,4,1.036025953798018,0.07483795870149618,0.5620587250978089,-0.45849722185345365,-0.4085798228083768,1,1,1,5
72,0,0,0,1,10,3,-0.6541426954677421,1.4267494707285233,0.24830983548978164,-0.45849722185345365,1.0026333809705565,1,0,0,8
73,0,0,0,1,10,3,0.04003371405212374,-0.2631399193052606,-1.3204346125503543,-0.45849722185345365,-0.643782023438199,1,1,2,3
74,0,0,1,0,10,4,0.5682114169476737,1.359153895127172,-0.06543905411824555,-0.45849722185345365,-0.8789842240680212,1,4,0,16
75,1,0,0,0,10,2,1.036025953798018,0.07483795870149618,0.5620587250978089,-0.45849722185345365,-0.4085798228083768,1,1,1,8
76,0,0,0,1,10,2,0.04003371405212374,-0.2631399193052606,-1.3204346125503543,-0.45849722185345365,-0.643782023438199,1,1,2,2
77,0,0,0,1,10,3,1.0058443707754152,0.41281583670825295,-0.5360623885302863,-0.45849722185345365,0.7674311803407343,1,2,1,8
78,0,0,0,1,10,5,2.092381359589118,1.4943450463298746,-1.3204346125503543,-0.45849722185345365,0.061824578451267674,1,1,4,1
79,0,0,0,1,10,5,0.5682114169476737,1.359153895127172,-0.06543905411824555,-0.45849722185345365,-0.8789842240680212,1,4,0,3
80,0,0,0,1,11,4,-0.6541426954677421,1.4267494707285233,0.24830983548978164,0.8637273261413115,1.0026333809705565,1,0,0,1
81,0,0,0,1,11,3,0.04003371405212374,-0.2631399193052606,-1.3204346125503543,0.8637273261413115,-0.643782023438199,1,1,2,1
82,1,0,0,0,11,4,-0.6541426954677421,1.4267494707285233,0.24830983548978164,0.8637273261413115,1.0026333809705565,1,0,0,8
83,0,0,1,0,11,4,-0.6541426954677421,-0.533522221710666,0.5620587250978089,0.8637273261413115,-1.1141864246978435,0,2,0,8
84,0,0,0,1,11,4,1.036025953798018,0.07483795870149618,0.5620587250978089,0.8637273261413115,-0.4085798228083768,1,1,1,5
85,1,0,0,0,11,1,-1.0163216917389764,-1.2094779777241795,-0.37918794372627274,0.8637273261413115,-0.4085798228083768,1,2,0,32
86,0,0,0,1,11,1,-0.5032347803547277,-0.060353192501206535,-0.5360623885302863,0.8637273261413115,-0.4085798228083768,1,2,2,8
87,1,0,0,0,11,1,1.036025953798018,0.07483795870149618,0.5620587250978089,0.8637273261413115,-0.4085798228083768,1,1,1,40
88,0,0,0,1,11,3,0.04003371405212374,-0.2631399193052606,-1.3204346125503543,0.8637273261413115,-0.643782023438199,1,1,2,1
89,1,0,0,0,11,5,-1.0163216917389764,-1.2094779777241795,-0.37918794372627274,0.8637273261413115,-0.4085798228083768,1,2,0,8
90,0,0,0,1,11,3,0.04003371405212374,-0.2631399193052606,-1.3204346125503543,0.8637273261413115,-0.643782023438199,1,1,2,3
91,0,0,1,0,11,3,-0.6541426954677421,-0.533522221710666,0.5620587250978089,0.8637273261413115,-1.1141864246978435,0,2,0,8
92,1,0,0,0,11,5,0.04003371405212374,-0.2631399193052606,-1.3204346125503543,0.8637273261413115,-0.643782023438199,1,1,2,3
93,0,0,0,1,11,5,0.5682114169476737,1.359153895127172,-0.06543905411824555,0.8637273261413115,-0.8789842240680212,1,4,0,4
94,0,0,0,1,11,1,0.38712191881205665,-0.33073549490661197,1.6601798387259041,0.8637273261413115,1.2378355816003788,1,2,1,1
95,0,0,0,1,11,2,0.04003371405212374,-0.2631399193052606,-1.3204346125503543,0.8637273261413115,-0.643782023438199,1,1,2,3
96,1,0,0,0,11,3,1.0058443707754152,0.41281583670825295,-0.5360623885302863,0.8637273261413115,0.7674311803407343,1,2,1,24
97,0,0,0,1,11,4,1.036025953798018,0.07483795870149618,0.5620587250978089,0.8637273261413115,-0.4085798228083768,1,1,1,3
98,0,0,0,1,12,2,0.38712191881205665,-0.33073549490661197,1.6601798387259041,-0.26243892607382197,1.2378355816003788,1,2,1,1
99,0,0,1,0,12,2,-1.5746809776571293,-1.3446691289268822,0.09143539068576804,-0.26243892607382197,0.2970267790810899,1,0,0,64
100,0,0,0,1,12,3,-1.5746809776571293,-1.1418824021228282,2.1308031731379447,-0.26243892607382197,1.0026333809705565,1,1,0,2
101,0,0,0,1,12,3,0.19094162916513804,-1.2770735533255309,0.09143539068576804,-0.26243892607382197,0.5322289797109121,0,1,1,8
102,0,0,0,1,12,4,0.04003371405212374,-0.2631399193052606,-1.3204346125503543,-0.26243892607382197,-0.643782023438199,1,1,2,2
103,0,0,0,1,12,5,0.5682114169476737,1.359153895127172,-0.06543905411824555,-0.26243892607382197,-0.8789842240680212,1,4,0,8
104,0,0,1,0,12,2,-1.5746809776571293,-1.3446691289268822,0.09143539068576804,-0.26243892607382197,0.2970267790810899,1,0,0,56
105,0,0,0,1,12,3,2.092381359589118,1.4943450463298746,-1.3204346125503543,-0.26243892607382197,0.061824578451267674,1,1,4,8
106,0,0,0,1,12,4,0.04003371405212374,-0.2631399193052606,-1.3204346125503543,-0.26243892607382197,-0.643782023438199,1,1,2,3
107,0,0,0,1,12,5,0.5682114169476737,1.359153895127172,-0.06543905411824555,-0.26243892607382197,-0.8789842240680212,1,4,0,3
108,0,0,0,1,12,2,0.04003371405212374,-0.2631399193052606,-1.3204346125503543,-0.26243892607382197,-0.643782023438199,1,1,2,2
109,0,0,0,1,12,3,2.092381359589118,1.4943450463298746,-1.3204346125503543,-0.26243892607382197,0.061824578451267674,1,1,4,8
110,0,0,0,1,12,5,-1.5746809776571293,-1.3446691289268822,0.09143539068576804,-0.26243892607382197,0.2970267790810899,1,0,0,2
111,0,0,1,0,12,5,0.3569403357894538,-0.33073549490661197,0.7189331699018224,-0.26243892607382197,-0.8789842240680212,1,0,0,8
112,0,0,0,1,12,5,0.04003371405212374,-0.2631399193052606,-1.3204346125503543,-0.26243892607382197,-0.643782023438199,1,1,2,2
113,0,0,0,1,1,3,0.04003371405212374,-0.2631399193052606,-1.3204346125503543,0.9199368719789102,-0.643782023438199,1,1,2,1
114,0,0,1,0,1,1,-1.5746809776571293,-1.3446691289268822,0.09143539068576804,0.9199368719789102,0.2970267790810899,1,0,0,1
115,0,0,0,1,1,2,-1.5746809776571293,-1.3446691289268822,0.09143539068576804,0.9199368719789102,0.2970267790810899,1,0,0,1
116,0,0,1,0,1,2,-1.0163216917389764,-1.2094779777241795,-0.37918794372627274,0.9199368719789102,-0.4085798228083768,1,2,0,8
117,0,0,0,1,1,3,0.04003371405212374,-0.2631399193052606,-1.3204346125503543,0.9199368719789102,-0.643782023438199,1,1,2,2
118,0,0,0,1,1,4,-0.5786887379112349,0.8183892903163611,-1.477309057354368,0.9199368719789102,-1.3493886253276657,1,0,0,2
119,0,0,0,1,1,4,0.04003371405212374,-0.2631399193052606,-1.3204346125503543,0.9199368719789102,-0.643782023438199,1,1,2,2
120,0,0,0,1,1,5,0.04003371405212374,-0.2631399193052606,-1.3204346125503543,0.9199368719789102,-0.643782023438199,1,1,2,1
121,0,0,0,1,1,1,-1.5746809776571293,-1.3446691289268822,0.09143539068576804,0.9199368719789102,0.2970267790810899,1,0,0,2
122,0,0,0,1,1,2,0.04003371405212374,-0.2631399193052606,-1.3204346125503543,0.9199368719789102,-0.643782023438199,1,1,2,2
123,0,0,0,1,1,2,-1.5746809776571293,-1.3446691289268822,0.09143539068576804,0.9199368719789102,0.2970267790810899,1,0,0,2
124,0,0,0,1,1,3,-1.5746809776571293,-1.3446691289268822,0.09143539068576804,0.9199368719789102,0.2970267790810899,1,0,0,2
125,0,0,0,1,1,4,-1.5746809776571293,-1.3446691289268822,0.09143539068576804,0.9199368719789102,0.2970267790810899,1,0,0,2
126,0,0,0,1,1,5,-1.5746809776571293,-1.3446691289268822,0.09143539068576804,0.9199368719789102,0.2970267790810899,1,0,0,2
127,0,0,0,1,1,1,-1.5746809776571293,-1.3446691289268822,0.09143539068576804,0.9199368719789102,0.2970267790810899,1,0,0,2
128,0,0,0,1,1,2,-1.5746809776571293,-1.3446691289268822,0.09143539068576804,0.9199368719789102,0.2970267790810899,1,0,0,2
129,0,0,1,0,1,2,-0.6541426954677421,-0.2631399193052606,-1.0066857229423272,0.9199368719789102,-1.8197930265873101,0,0,0,8
130,0,0,1,0,1,2,1.0058443707754152,0.41281583670825295,-0.5360623885302863,0.9199368719789102,0.7674311803407343,1,2,1,8
131,0,0,0,1,1,3,-1.5746809776571293,-1.3446691289268822,0.09143539068576804,0.9199368719789102,0.2970267790810899,1,0,0,2
132,0,0,0,1,1,4,-0.5786887379112349,0.8183892903163611,-1.477309057354368,0.9199368719789102,-1.3493886253276657,1,0,0,2
133,0,0,0,1,1,4,-1.5746809776571293,-1.3446691289268822,0.09143539068576804,0.9199368719789102,0.2970267790810899,1,0,0,2
134,0,0,0,1,1,1,-1.5746809776571293,-1.3446691289268822,0.09143539068576804,0.9199368719789102,0.2970267790810899,1,0,0,0
135,0,0,0,1,1,2,0.04003371405212374,-0.2631399193052606,-1.3204346125503543,0.9199368719789102,-0.643782023438199,1,1,2,1
136,0,0,0,1,1,4,1.0058443707754152,0.41281583670825295,-0.5360623885302863,0.9199368719789102,0.7674311803407343,1,2,1,3
137,0,0,0,1,2,5,-0.5786887379112349,0.8183892903163611,-1.477309057354368,0.769711359793725,-1.3493886253276657,1,0,0,1
138,1,0,0,0,2,3,0.3569403357894538,-0.33073549490661197,0.7189331699018224,0.769711359793725,-0.8789842240680212,1,0,0,8
139,1,0,0,0,2,3,-0.6541426954677421,1.4267494707285233,0.24830983548978164,0.769711359793725,1.0026333809705565,1,0,0,8
140,0,0,0,1,2,4,-1.0163216917389764,-1.2094779777241795,-0.37918794372627274,0.769711359793725,-0.4085798228083768,1,2,0,2
141,0,0,0,1,2,4,-0.5032347803547277,-0.060353192501206535,-0.5360623885302863,0.769711359793725,-0.4085798228083768,1,2,2,8
142,0,0,0,1,2,5,0.5682114169476737,1.359153895127172,-0.06543905411824555,0.769711359793725,-0.8789842240680212,1,4,0,2
143,0,0,0,1,2,5,1.0058443707754152,0.41281583670825295,-0.5360623885302863,0.769711359793725,0.7674311803407343,1,2,1,8
144,1,0,0,0,2,1,2.4998327303942567,-1.0066912509201256,2.1308031731379447,0.769711359793725,-0.643782023438199,1,0,0,8
145,1,0,0,0,2,2,2.4998327303942567,-1.0066912509201256,2.1308031731379447,0.769711359793725,-0.643782023438199,1,0,0,8
146,0,0,0,1,2,1,0.04003371405212374,-0.2631399193052606,-1.3204346125503543,0.769711359793725,-0.643782023438199,1,1,2,2
147,0,0,0,1,2,2,0.04003371405212374,-0.2631399193052606,-1.3204346125503543,0.769711359793725,-0.643782023438199,1,1,2,2
148,0,0,0,1,2,2,-0.6541426954677421,-0.2631399193052606,-1.0066857229423272,0.769711359793725,-1.8197930265873101,0,0,0,1
149,0,0,0,1,2,2,-0.5786887379112349,0.8183892903163611,-1.477309057354368,0.769711359793725,-1.3493886253276657,1,0,0,8
150,0,0,0,1,2,4,0.04003371405212374,-0.2631399193052606,-1.3204346125503543,0.769711359793725,-0.643782023438199,1,1,2,3
151,0,0,1,0,2,1,1.624566822738774,-0.9390956753187741,-1.3204346125503543,0.769711359793725,-0.4085798228083768,0,0,0,8
152,0,0,0,1,2,2,1.624566822738774,-0.9390956753187741,-1.3204346125503543,0.769711359793725,-0.4085798228083768,0,0,0,1
153,0,0,0,1,2,3,0.04003371405212374,-0.2631399193052606,-1.3204346125503543,0.769711359793725,-0.643782023438199,1,1,2,1
154,0,0,1,0,2,4,-0.5032347803547277,-0.060353192501206535,-0.5360623885302863,0.769711359793725,-0.4085798228083768,1,2,2,8
155,0,0,0,1,3,2,1.036025953798018,1.359153895127172,-0.6929368333343,1.7865840511297895,-0.8789842240680212,1,0,0,2
156,0,0,1,0,3,2,0.5682114169476737,1.359153895127172,-0.06543905411824555,1.7865840511297895,-0.8789842240680212,1,4,0,8
157,0,0,1,0,3,2,-0.9861401087163735,-0.19554434370390925,-1.1635601677463407,1.7865840511297895,-1.1141864246978435,1,0,0,3
158,0,1,0,0,3,2,-0.6541426954677421,-0.533522221710666,0.5620587250978089,1.7865840511297895,-1.1141864246978435,0,2,0,8
159,0,0,0,1,3,3,1.036025953798018,0.07483795870149618,0.5620587250978089,1.7865840511297895,-0.4085798228083768,1,1,1,8
160,1,0,0,0,3,3,0.5682114169476737,1.359153895127172,-0.06543905411824555,1.7865840511297895,-0.8789842240680212,1,4,0,8
161,1,0,0,0,3,4,-0.6541426954677421,-0.2631399193052606,-1.0066857229423272,1.7865840511297895,-1.8197930265873101,0,0,0,8
162,1,0,0,0,3,5,0.38712191881205665,-0.33073549490661197,1.6601798387259041,1.7865840511297895,1.2378355816003788,1,2,1,3
163,1,0,0,0,3,5,0.5682114169476737,1.359153895127172,-0.06543905411824555,1.7865840511297895,-0.8789842240680212,1,4,0,40
164,1,0,0,0,3,1,-0.6541426954677421,-0.533522221710666,0.5620587250978089,1.7865840511297895,-1.1141864246978435,0,2,0,40
165,1,0,0,0,3,1,-1.0163216917389764,-1.2094779777241795,-0.37918794372627274,1.7865840511297895,-0.4085798228083768,1,2,0,16
166,0,0,0,1,3,1,0.5682114169476737,1.359153895127172,-0.06543905411824555,1.7865840511297895,-0.8789842240680212,1,4,0,16
167,1,0,0,0,3,2,-1.0163216917389764,-1.2094779777241795,-0.37918794372627274,1.7865840511297895,-0.4085798228083768,1,2,0,8
168,1,0,0,0,3,4,1.0058443707754152,0.41281583670825295,-0.5360623885302863,1.7865840511297895,0.7674311803407343,1,2,1,8
169,1,0,0,0,3,4,-0.6541426954677421,-0.533522221710666,0.5620587250978089,1.7865840511297895,-1.1141864246978435,0,2,0,8
170,0,0,0,1,3,5,0.5682114169476737,1.359153895127172,-0.06543905411824555,1.7865840511297895,-0.8789842240680212,1,4,0,4
171,0,0,0,1,3,5,0.04003371405212374,-0.2631399193052606,-1.3204346125503543,1.7865840511297895,-0.643782023438199,1,1,2,1
172,1,0,0,0,3,1,0.854936455662401,-1.682647006933639,0.4051842802937953,1.7865840511297895,-0.643782023438199,1,2,0,8
173,1,0,0,0,3,2,-0.6541426954677421,1.4267494707285233,0.24830983548978164,1.7865840511297895,1.0026333809705565,1,0,0,24
174,0,0,0,1,3,3,0.04003371405212374,-0.2631399193052606,-1.3204346125503543,1.7865840511297895,-0.643782023438199,1,1,2,2
175,1,0,0,0,3,1,0.04003371405212374,-0.2631399193052606,-1.3204346125503543,1.7865840511297895,-0.643782023438199,1,1,2,8
176,1,0,0,0,3,1,-0.6541426954677421,-0.2631399193052606,-1.0066857229423272,1.7865840511297895,-1.8197930265873101,0,0,0,1
177,1,0,0,0,3,2,0.04003371405212374,-0.2631399193052606,-1.3204346125503543,1.7865840511297895,-0.643782023438199,1,1,2,8
178,1,0,0,0,3,3,0.04003371405212374,-0.2631399193052606,-1.3204346125503543,1.7865840511297895,-0.643782023438199,1,1,2,16
179,1,0,0,0,3,3,-0.6541426954677421,1.4267494707285233,0.24830983548978164,1.7865840511297895,1.0026333809705565,1,0,0,3
180,1,0,0,0,3,4,0.854936455662401,-1.682647006933639,0.4051842802937953,1.7865840511297895,-0.643782023438199,1,2,0,16
181,0,0,0,1,3,5,0.04003371405212374,-0.2631399193052606,-1.3204346125503543,1.7865840511297895,-0.643782023438199,1,1,2,2
182,1,0,0,0,3,5,0.38712191881205665,-0.33073549490661197,1.6601798387259041,1.7865840511297895,1.2378355816003788,1,2,1,3
183,0,0,0,1,3,1,0.04003371405212374,-0.2631399193052606,-1.3204346125503543,1.7865840511297895,-0.643782023438199,1,1,2,1
184,0,0,0,1,4,3,1.036025953798018,0.07483795870149618,0.5620587250978089,1.3664877078835713,-0.4085798228083768,1,1,1,1
185,0,0,0,1,4,3,0.04003371405212374,-0.2631399193052606,-1.3204346125503543,1.3664877078835713,-0.643782023438199,1,1,2,1
186,0,0,0,1,4,2,-1.0163216917389764,-1.2094779777241795,-0.37918794372627274,1.3664877078835713,-0.4085798228083768,1,2,0,1
187,1,0,0,0,4,3,0.3569403357894538,-0.33073549490661197,0.7189331699018224,1.3664877078835713,-0.8789842240680212,1,0,0,24
188,0,0,0,1,4,4,-1.0163216917389764,-1.2094779777241795,-0.37918794372627274,1.3664877078835713,-0.4085798228083768,1,2,0,1
189,0,0,0,1,4,5,0.04003371405212374,-0.2631399193052606,-1.3204346125503543,1.3664877078835713,-0.643782023438199,1,1,2,2
190,0,0,0,1,4,5,0.5682114169476737,1.359153895127172,-0.06543905411824555,1.3664877078835713,-0.8789842240680212,1,4,0,4
191,1,0,0,0,4,3,-0.6541426954677421,1.4267494707285233,0.24830983548978164,1.3664877078835713,1.0026333809705565,1,0,0,24
192,0,0,0,1,4,4,-1.5746809776571293,-1.1418824021228282,2.1308031731379447,1.3664877078835713,1.0026333809705565,1,1,0,1
193,0,0,0,1,4,5,1.036025953798018,0.07483795870149618,0.5620587250978089,1.3664877078835713,-0.4085798228083768,1,1,1,3
194,1,0,0,0,4,5,0.3569403357894538,-0.33073549490661197,0.7189331699018224,1.3664877078835713,-0.8789842240680212,1,0,0,8
195,0,0,0,1,4,5,1.036025953798018,0.07483795870149618,0.5620587250978089,1.3664877078835713,-0.4085798228083768,1,1,1,1
196,0,0,0,1,4,5,0.38712191881205665,-0.33073549490661197,1.6601798387259041,1.3664877078835713,1.2378355816003788,1,2,1,8
197,0,0,1,0,4,5,0.5682114169476737,1.359153895127172,-0.06543905411824555,1.3664877078835713,-0.8789842240680212,1,4,0,56
198,0,0,1,0,4,2,1.0058443707754152,0.41281583670825295,-0.5360623885302863,1.3664877078835713,0.7674311803407343,1,2,1,8
199,1,0,0,0,4,3,-1.0163216917389764,-1.2094779777241795,-0.37918794372627274,1.3664877078835713,-0.4085798228083768,1,2,0,24
200,0,0,1,0,4,3,2.3489248152812423,1.2915583195258205,-0.06543905411824555,1.3664877078835713,-1.3493886253276657,1,2,4,8
201,1,0,0,0,4,4,1.0058443707754152,0.41281583670825295,-0.5360623885302863,1.3664877078835713,0.7674311803407343,1,2,1,16
202,1,0,0,0,4,5,0.19094162916513804,-1.2770735533255309,0.09143539068576804,1.3664877078835713,0.5322289797109121,0,1,1,3
203,0,0,0,0,4,1,0.19094162916513804,-0.060353192501206535,1.8170542835299177,1.3664877078835713,1.473037782230201,1,1,5,0
204,1,0,0,0,5,3,1.0058443707754152,0.41281583670825295,-0.5360623885302863,2.677510353505007,0.7674311803407343,1,2,1,8
205,0,0,0,1,5,4,-1.0163216917389764,-1.2094779777241795,-0.37918794372627274,2.677510353505007,-0.4085798228083768,1,2,0,2
206,0,0,0,1,5,1,-1.0163216917389764,-1.2094779777241795,-0.37918794372627274,2.677510353505007,-0.4085798228083768,1,2,0,1
207,0,0,1,0,5,2,-0.6541426954677421,1.4267494707285233,0.24830983548978164,2.677510353505007,1.0026333809705565,1,0,0,8
208,0,0,1,0,5,2,0.04003371405212374,-0.2631399193052606,-1.3204346125503543,2.677510353505007,-0.643782023438199,1,1,2,8
209,1,0,0,0,5,3,-0.5786887379112349,0.8183892903163611,-1.477309057354368,2.677510353505007,-1.3493886253276657,1,0,0,4
210,0,0,0,1,5,1,-1.0163216917389764,-1.2094779777241795,-0.37918794372627274,2.677510353505007,-0.4085798228083768,1,2,0,2
211,1,0,0,0,5,2,-0.6541426954677421,1.4267494707285233,0.24830983548978164,2.677510353505007,1.0026333809705565,1,0,0,1
212,1,0,0,0,5,3,1.0058443707754152,0.41281583670825295,-0.5360623885302863,2.677510353505007,0.7674311803407343,1,2,1,24
213,0,0,0,0,5,3,0.854936455662401,-1.682647006933639,0.4051842802937953,2.677510353505007,-0.643782023438199,1,2,0,0
214,0,0,0,0,5,3,1.624566822738774,-0.9390956753187741,-1.3204346125503543,2.677510353505007,-0.4085798228083768,0,0,0,0
215,0,0,0,0,5,3,2.3489248152812423,1.2915583195258205,-0.06543905411824555,2.677510353505007,-1.3493886253276657,1,2,4,0
216,0,0,0,0,5,3,2.4998327303942567,-1.0066912509201256,2.1308031731379447,2.677510353505007,-0.643782023438199,1,0,0,0
217,1,0,0,0,5,2,-0.6541426954677421,1.4267494707285233,0.24830983548978164,2.677510353505007,1.0026333809705565,1,0,0,1
218,1,0,0,0,5,3,-1.5746809776571293,-1.1418824021228282,2.1308031731379447,2.677510353505007,1.0026333809705565,1,1,0,24
219,0,0,0,1,5,5,2.092381359589118,1.4943450463298746,-1.3204346125503543,2.677510353505007,0.061824578451267674,1,1,4,8
220,0,0,1,0,6,1,0.3569403357894538,-0.33073549490661197,0.7189331699018224,2.644154688848709,-0.8789842240680212,1,0,0,8
221,0,0,0,1,6,1,2.092381359589118,1.4943450463298746,-1.3204346125503543,2.644154688848709,0.061824578451267674,1,1,4,8
222,1,0,0,0,6,2,0.3569403357894538,-0.33073549490661197,0.7189331699018224,2.644154688848709,-0.8789842240680212,1,0,0,24
223,0,0,0,1,6,4,1.036025953798018,0.07483795870149618,0.5620587250978089,2.644154688848709,-0.4085798228083768,1,1,1,4
224,1,0,0,0,6,5,0.3569403357894538,-0.33073549490661197,0.7189331699018224,2.644154688848709,-0.8789842240680212,1,0,0,8
225,1,0,0,0,6,1,-0.6541426954677421,1.4267494707285233,0.24830983548978164,2.644154688848709,1.0026333809705565,1,0,0,8
226,0,0,0,1,6,1,-1.0163216917389764,-1.2094779777241795,-0.37918794372627274,2.644154688848709,-0.4085798228083768,1,2,0,4
227,1,0,0,0,6,1,0.3569403357894538,-0.33073549490661197,0.7189331699018224,2.644154688848709,-0.8789842240680212,1,0,0,8
228,1,0,0,0,6,3,-1.5746809776571293,-1.1418824021228282,2.1308031731379447,2.644154688848709,1.0026333809705565,1,1,0,8
229,1,0,0,0,6,5,0.19094162916513804,-1.2770735533255309,0.09143539068576804,2.644154688848709,0.5322289797109121,0,1,1,16
230,0,0,0,1,6,2,-1.5746809776571293,-1.1418824021228282,2.1308031731379447,2.644154688848709,1.0026333809705565,1,1,0,1
231,1,0,0,0,6,3,-1.5746809776571293,-1.1418824021228282,2.1308031731379447,2.644154688848709,1.0026333809705565,1,1,0,80
232,0,0,0,1,6,4,2.3489248152812423,1.2915583195258205,-0.06543905411824555,2.644154688848709,-1.3493886253276657,1,2,4,8
233,1,0,0,0,6,5,-0.6541426954677421,1.4267494707285233,0.24830983548978164,2.644154688848709,1.0026333809705565,1,0,0,2
234,0,0,0,1,6,1,1.0058443707754152,1.2239627439244691,1.9739287283339313,2.644154688848709,2.178644384119668,1,0,2,2
235,0,0,0,1,6,4,0.04003371405212374,-0.2631399193052606,-1.3204346125503543,2.644154688848709,-0.643782023438199,1,1,2,2
236,0,0,1,0,7,2,-1.0163216917389764,-1.2094779777241795,-0.37918794372627274,0.08777054857093426,-0.4085798228083768,1,2,0,16
237,1,0,0,0,7,3,-1.5746809776571293,-1.1418824021228282,2.1308031731379447,0.08777054857093426,1.0026333809705565,1,1,0,8
238,1,0,0,0,7,5,-1.5746809776571293,-1.3446691289268822,0.09143539068576804,0.08777054857093426,0.2970267790810899,1,0,0,8
239,0,0,0,1,7,5,-1.5746809776571293,-1.3446691289268822,0.09143539068576804,0.08777054857093426,0.2970267790810899,1,0,0,4
240,0,0,0,1,7,2,1.624566822738774,-0.9390956753187741,-1.3204346125503543,0.08777054857093426,-0.4085798228083768,0,0,0,8
241,0,0,1,0,7,4,-0.6541426954677421,-0.2631399193052606,-1.0066857229423272,0.08777054857093426,-1.8197930265873101,0,0,0,8
242,0,0,0,1,7,5,-1.0163216917389764,-1.2094779777241795,-0.37918794372627274,0.08777054857093426,-0.4085798228083768,1,2,0,2
243,1,0,0,0,7,1,1.624566822738774,-0.9390956753187741,-1.3204346125503543,0.08777054857093426,-0.4085798228083768,0,0,0,8
244,1,0,0,0,7,2,1.624566822738774,-0.9390956753187741,-1.3204346125503543,0.08777054857093426,-0.4085798228083768,0,0,0,8
245,0,0,0,1,7,1,-0.9861401087163735,-0.19554434370390925,-1.1635601677463407,0.08777054857093426,-1.1141864246978435,1,0,0,3
246,0,0,0,1,7,2,2.092381359589118,1.4943450463298746,-1.3204346125503543,0.08777054857093426,0.061824578451267674,1,1,4,8
247,0,0,0,1,7,3,1.0058443707754152,0.41281583670825295,-0.5360623885302863,0.08777054857093426,0.7674311803407343,1,2,1,8
248,0,0,0,1,7,4,-0.6541426954677421,1.4267494707285233,0.24830983548978164,0.08777054857093426,1.0026333809705565,1,0,0,8
249,0,0,1,0,7,1,1.0058443707754152,0.41281583670825295,-0.5360623885302863,0.08777054857093426,0.7674311803407343,1,2,1,32
250,0,0,1,0,7,4,1.0058443707754152,0.41281583670825295,-0.5360623885302863,0.08777054857093426,0.7674311803407343,1,2,1,8
251,0,0,0,0,7,4,0.5682114169476737,1.359153895127172,-0.06543905411824555,0.08777054857093426,-0.8789842240680212,1,4,0,0
252,0,0,1,0,8,4,1.0058443707754152,0.41281583670825295,-0.5360623885302863,-0.15469562846963375,0.7674311803407343,1,2,1,8
253,0,0,1,0,8,4,-0.9861401087163735,-0.19554434370390925,-1.1635601677463407,-0.15469562846963375,-1.1141864246978435,1,0,0,3
254,0,0,0,1,8,7,1.0058443707754152,0.41281583670825295,-0.5360623885302863,-0.15469562846963375,0.7674311803407343,1,2,1,1
255,0,0,1,0,8,1,0.08530608858602803,-1.074286826521477,3.3857987315700537,-0.15469562846963375,-1.1141864246978435,1,2,1,8
256,1,0,0,0,8,3,1.171843077399731,-0.2631399193052606,1.0326820595098496,-0.15469562846963375,-0.4085798228083768,1,2,1,1
257,1,0,0,0,8,3,1.171843077399731,-0.2631399193052606,1.0326820595098496,-0.15469562846963375,-0.4085798228083768,1,2,1,2
258,0,0,0,1,8,4,0.5682114169476737,1.359153895127172,-0.06543905411824555,-0.15469562846963375,-0.8789842240680212,1,4,0,4
259,0,0,0,1,8,1,1.0058443707754152,0.41281583670825295,-0.5360623885302863,-0.15469562846963375,0.7674311803407343,1,2,1,4
260,0,0,0,1,8,2,0.38712191881205665,-0.33073549490661197,1.6601798387259041,-0.15469562846963375,1.2378355816003788,1,2,1,1
261,1,0,0,0,8,3,0.6889377490380852,-1.2770735533255309,-0.5360623885302863,-0.15469562846963375,-0.4085798228083768,0,0,0,8
262,0,0,0,1,8,3,-0.6541426954677421,-0.2631399193052606,-1.0066857229423272,-0.15469562846963375,-1.8197930265873101,0,0,0,1
263,1,0,0,0,8,3,-1.5746809776571293,-1.1418824021228282,2.1308031731379447,-0.15469562846963375,1.0026333809705565,1,1,0,3
264,0,0,0,1,8,7,0.38712191881205665,-0.33073549490661197,1.6601798387259041,-0.15469562846963375,1.2378355816003788,1,2,1,2
265,0,0,0,1,8,1,0.19094162916513804,-1.2770735533255309,0.09143539068576804,-0.15469562846963375,0.5322289797109121,0,1,1,1
266,0,0,0,1,8,3,-1.5746809776571293,-1.1418824021228282,2.1308031731379447,-0.15469562846963375,1.0026333809705565,1,1,0,1
267,0,0,1,0,8,3,0.19094162916513804,-1.2770735533255309,0.09143539068576804,-0.15469562846963375,0.5322289797109121,0,1,1,8
268,1,0,0,0,8,1,2.092381359589118,1.4943450463298746,-1.3204346125503543,-0.15469562846963375,0.061824578451267674,1,1,4,8
269,1,0,0,0,8,2,-0.5786887379112349,0.8183892903163611,-1.477309057354368,-0.15469562846963375,-1.3493886253276657,1,0,0,8
270,1,0,0,0,9,1,-0.6541426954677421,1.4267494707285233,0.24830983548978164,0.5604758261776095,1.0026333809705565,1,0,0,8
271,0,0,0,1,9,5,-0.6541426954677421,1.4267494707285233,0.24830983548978164,0.5604758261776095,1.0026333809705565,1,0,0,3
272,0,0,1,0,9,3,1.0058443707754152,0.41281583670825295,-0.5360623885302863,0.5604758261776095,0.7674311803407343,1,2,1,24
273,0,0,0,0,9,4,0.19094162916513804,-0.6687133729133687,1.0326820595098496,0.5604758261776095,2.6490487853793123,1,1,0,0
274,1,0,0,0,9,1,0.3569403357894538,-0.33073549490661197,0.7189331699018224,0.5604758261776095,-0.8789842240680212,1,0,0,16
275,0,0,0,1,9,2,1.036025953798018,0.07483795870149618,0.5620587250978089,0.5604758261776095,-0.4085798228083768,1,1,1,3
276,0,0,0,0,9,2,0.13057846311993232,0.34522026110690157,0.4051842802937953,0.5604758261776095,1.9434421834898454,1,2,2,0
277,0,0,0,0,9,2,1.036025953798018,1.359153895127172,-0.6929368333343,0.5604758261776095,-0.8789842240680212,1,0,0,0
278,1,0,0,0,9,3,-0.6541426954677421,1.4267494707285233,0.24830983548978164,0.5604758261776095,1.0026333809705565,1,0,0,8
279,1,0,0,0,9,3,0.3569403357894538,-0.33073549490661197,0.7189331699018224,0.5604758261776095,-0.8789842240680212,1,0,0,32
280,0,0,0,1,9,4,-0.6541426954677421,1.4267494707285233,0.24830983548978164,0.5604758261776095,1.0026333809705565,1,0,0,1
281,0,0,0,1,9,5,1.036025953798018,0.07483795870149618,0.5620587250978089,0.5604758261776095,-0.4085798228083768,1,1,1,4
282,0,0,0,1,9,5,0.5682114169476737,1.359153895127172,-0.06543905411824555,0.5604758261776095,-0.8789842240680212,1,4,0,4
283,0,0,0,1,9,3,0.19094162916513804,-0.6687133729133687,1.0326820595098496,0.5604758261776095,2.6490487853793123,1,1,0,8
284,0,0,0,1,9,4,-1.5746809776571293,-1.1418824021228282,2.1308031731379447,0.5604758261776095,1.0026333809705565,1,1,0,1
285,0,0,0,0,9,4,0.19094162916513804,-0.6687133729133687,1.0326820595098496,0.5604758261776095,2.6490487853793123,1,1,0,0
286,0,0,0,1,9,5,1.036025953798018,0.07483795870149618,0.5620587250978089,0.5604758261776095,-0.4085798228083768,1,1,1,3
287,1,0,0,0,9,1,1.036025953798018,0.07483795870149618,0.5620587250978089,0.5604758261776095,-0.4085798228083768,1,1,1,40
288,1,0,0,0,9,1,-0.6541426954677421,1.4267494707285233,0.24830983548978164,0.5604758261776095,1.0026333809705565,1,0,0,8
289,0,0,0,1,10,3,1.0058443707754152,0.41281583670825295,-0.5360623885302863,-0.16964816779831918,0.7674311803407343,1,2,1,8
290,0,0,0,1,10,3,0.19094162916513804,-1.2770735533255309,0.09143539068576804,-0.16964816779831918,0.5322289797109121,0,1,1,4
291,0,0,0,1,10,3,1.0058443707754152,0.41281583670825295,-0.5360623885302863,-0.16964816779831918,0.7674311803407343,1,2,1,8
292,0,0,0,1,10,4,1.0058443707754152,0.41281583670825295,-0.5360623885302863,-0.16964816779831918,0.7674311803407343,1,2,1,8
293,0,0,0,0,10,4,-1.5746809776571293,-1.1418824021228282,2.1308031731379447,-0.16964816779831918,1.0026333809705565,1,1,0,0
294,0,0,0,0,10,4,0.38712191881205665,-0.33073549490661197,1.6601798387259041,-0.16964816779831918,1.2378355816003788,1,2,1,0
295,1,0,0,0,10,3,-0.6541426954677421,-0.2631399193052606,-1.0066857229423272,-0.16964816779831918,-1.8197930265873101,0,0,0,8
296,1,0,0,0,10,3,-1.5746809776571293,-1.3446691289268822,0.09143539068576804,-0.16964816779831918,0.2970267790810899,1,0,0,3
297,0,0,0,1,10,3,2.2131076916795296,-0.8715000997174228,-0.8498112781383136,-0.16964816779831918,-0.4085798228083768,1,3,0,8
298,0,0,0,1,10,5,-0.6541426954677421,1.4267494707285233,0.24830983548978164,-0.16964816779831918,1.0026333809705565,1,0,0,1
299,1,0,0,0,10,5,-0.6541426954677421,-0.2631399193052606,-1.0066857229423272,-0.16964816779831918,-1.8197930265873101,0,0,0,64
300,0,0,0,0,10,5,0.19094162916513804,-0.6687133729133687,1.0326820595098496,-0.16964816779831918,2.6490487853793123,1,1,0,0
301,0,0,1,0,10,6,1.0058443707754152,0.41281583670825295,-0.5360623885302863,-0.16964816779831918,0.7674311803407343,1,2,1,16
302,0,0,0,1,10,7,0.5682114169476737,1.359153895127172,-0.06543905411824555,-0.16964816779831918,-0.8789842240680212,1,4,0,3
303,0,0,0,0,10,7,0.19094162916513804,-0.6687133729133687,1.0326820595098496,-0.16964816779831918,2.6490487853793123,1,1,0,0
304,0,0,0,1,10,3,0.19094162916513804,-0.6687133729133687,1.0326820595098496,-0.16964816779831918,2.6490487853793123,1,1,0,2
305,0,0,0,1,10,3,0.19094162916513804,-0.6687133729133687,1.0326820595098496,-0.16964816779831918,2.6490487853793123,1,1,0,2
306,0,0,0,1,10,4,-1.5746809776571293,-1.1418824021228282,2.1308031731379447,-0.16964816779831918,1.0026333809705565,1,1,0,1
307,0,0,0,1,10,4,1.036025953798018,0.07483795870149618,0.5620587250978089,-0.16964816779831918,-0.4085798228083768,1,1,1,4
308,0,0,0,1,10,6,-0.6541426954677421,-0.2631399193052606,-1.0066857229423272,-0.16964816779831918,-1.8197930265873101,0,0,0,16
309,0,0,0,1,10,6,-1.5746809776571293,-1.1418824021228282,2.1308031731379447,-0.16964816779831918,1.0026333809705565,1,1,0,1
310,1,0,0,0,10,3,2.092381359589118,1.4943450463298746,-1.3204346125503543,-0.16964816779831918,0.061824578451267674,1,1,4,8
311,0,0,0,0,10,4,0.5682114169476737,1.359153895127172,-0.06543905411824555,-0.16964816779831918,-0.8789842240680212,1,4,0,0
312,0,0,0,0,10,4,1.036025953798018,0.07483795870149618,0.5620587250978089,-0.16964816779831918,-0.4085798228083768,1,1,1,0
313,0,0,0,0,10,4,-0.9861401087163735,-0.19554434370390925,-1.1635601677463407,-0.16964816779831918,-1.1141864246978435,1,0,0,0
314,1,0,0,0,10,5,-0.6541426954677421,-0.2631399193052606,-1.0066857229423272,-0.16964816779831918,-1.8197930265873101,0,0,0,5
315,1,0,0,0,10,5,-0.6541426954677421,-0.2631399193052606,-1.0066857229423272,-0.16964816779831918,-1.8197930265873101,0,0,0,5
316,0,0,0,1,10,6,-1.5746809776571293,-1.1418824021228282,2.1308031731379447,-0.16964816779831918,1.0026333809705565,1,1,0,1
317,1,0,0,0,11,1,-1.5746809776571293,-1.3446691289268822,0.09143539068576804,0.30578257266258224,0.2970267790810899,1,0,0,8
318,0,0,0,1,11,1,0.38712191881205665,-0.33073549490661197,1.6601798387259041,0.30578257266258224,1.2378355816003788,1,2,1,2
319,1,0,0,0,11,2,-0.6541426954677421,1.4267494707285233,0.24830983548978164,0.30578257266258224,1.0026333809705565,1,0,0,8
320,0,0,0,1,11,5,0.5682114169476737,1.359153895127172,-0.06543905411824555,0.30578257266258224,-0.8789842240680212,1,4,0,3
321,0,0,0,1,11,1,1.036025953798018,0.07483795870149618,0.5620587250978089,0.30578257266258224,-0.4085798228083768,1,1,1,1
322,1,0,0,0,11,1,2.3489248152812423,1.2915583195258205,-0.06543905411824555,0.30578257266258224,-1.3493886253276657,1,2,4,8
323,1,0,0,0,11,1,-1.0163216917389764,-1.2094779777241795,-0.37918794372627274,0.30578257266258224,-0.4085798228083768,1,2,0,120
324,0,0,0,1,11,1,0.19094162916513804,-0.6687133729133687,1.0326820595098496,0.30578257266258224,2.6490487853793123,1,1,0,8
325,0,0,0,0,11,2,1.624566822738774,-0.9390956753187741,-1.3204346125503543,0.30578257266258224,-0.4085798228083768,0,0,0,0
326,0,0,1,0,11,3,0.19094162916513804,-1.2770735533255309,0.09143539068576804,0.30578257266258224,0.5322289797109121,0,1,1,1
327,1,0,0,0,11,3,-1.5746809776571293,-1.3446691289268822,0.09143539068576804,0.30578257266258224,0.2970267790810899,1,0,0,3
328,0,0,0,1,11,4,0.19094162916513804,-1.2770735533255309,0.09143539068576804,0.30578257266258224,0.5322289797109121,0,1,1,2
329,0,0,0,1,11,4,-0.6541426954677421,1.4267494707285233,0.24830983548978164,0.30578257266258224,1.0026333809705565,1,0,0,3
330,1,0,0,0,11,5,0.3569403357894538,-0.33073549490661197,0.7189331699018224,0.30578257266258224,-0.8789842240680212,1,0,0,8
331,1,0,0,0,11,5,1.036025953798018,0.07483795870149618,0.5620587250978089,0.30578257266258224,-0.4085798228083768,1,1,1,4
332,1,0,0,0,11,1,0.3569403357894538,-0.33073549490661197,0.7189331699018224,0.30578257266258224,-0.8789842240680212,1,0,0,8
333,0,0,0,1,11,2,-0.6541426954677421,1.4267494707285233,0.24830983548978164,0.30578257266258224,1.0026333809705565,1,0,0,1
334,1,0,0,0,11,3,0.5682114169476737,1.359153895127172,-0.06543905411824555,0.30578257266258224,-0.8789842240680212,1,4,0,8
335,0,1,0,0,11,5,0.5682114169476737,1.359153895127172,-0.06543905411824555,0.30578257266258224,-0.8789842240680212,1,4,0,8
336,0,0,0,0,11,5,2.3489248152812423,1.2915583195258205,-0.06543905411824555,0.30578257266258224,-1.3493886253276657,1,2,4,0
337,0,0,0,0,11,2,0.854936455662401,-1.682647006933639,0.4051842802937953,0.30578257266258224,-0.643782023438199,1,2,0,0
338,0,0,0,1,11,4,-0.6541426954677421,1.4267494707285233,0.24830983548978164,0.30578257266258224,1.0026333809705565,1,0,0,1
339,1,0,0,0,12,1,0.04003371405212374,-0.2631399193052606,-1.3204346125503543,-0.879468713722589,-0.643782023438199,1,1,2,3
340,0,0,0,1,12,1,-0.6541426954677421,1.4267494707285233,0.24830983548978164,-0.879468713722589,1.0026333809705565,1,0,0,2
341,0,0,0,1,12,1,-0.6541426954677421,1.4267494707285233,0.24830983548978164,-0.879468713722589,1.0026333809705565,1,0,0,1
342,0,0,0,1,12,1,0.19094162916513804,-1.2770735533255309,0.09143539068576804,-0.879468713722589,0.5322289797109121,0,1,1,3
343,0,0,0,1,12,2,-1.5746809776571293,-1.1418824021228282,2.1308031731379447,-0.879468713722589,1.0026333809705565,1,1,0,1
344,0,0,0,1,12,5,0.5682114169476737,1.359153895127172,-0.06543905411824555,-0.879468713722589,-0.8789842240680212,1,4,0,4
345,1,0,0,0,12,4,0.3569403357894538,-0.33073549490661197,0.7189331699018224,-0.879468713722589,-0.8789842240680212,1,0,0,8
346,0,0,0,1,12,4,-0.6541426954677421,1.4267494707285233,0.24830983548978164,-0.879468713722589,1.0026333809705565,1,0,0,1
347,0,0,0,1,12,5,-0.6541426954677421,1.4267494707285233,0.24830983548978164,-0.879468713722589,1.0026333809705565,1,0,0,1
348,0,0,0,1,12,2,-0.6541426954677421,-0.2631399193052606,-1.0066857229423272,-0.879468713722589,-1.8197930265873101,0,0,0,1
349,0,0,0,1,12,2,-1.5746809776571293,-1.3446691289268822,0.09143539068576804,-0.879468713722589,0.2970267790810899,1,0,0,8
350,0,0,0,1,12,4,0.19094162916513804,-1.2770735533255309,0.09143539068576804,-0.879468713722589,0.5322289797109121,0,1,1,2
351,0,0,0,1,12,5,-0.6541426954677421,1.4267494707285233,0.24830983548978164,-0.879468713722589,1.0026333809705565,1,0,0,1
352,1,0,0,0,12,2,0.19094162916513804,-0.6687133729133687,1.0326820595098496,-0.879468713722589,2.6490487853793123,1,1,0,8
353,1,0,0,0,12,2,0.19094162916513804,-1.2770735533255309,0.09143539068576804,-0.879468713722589,0.5322289797109121,0,1,1,4
354,0,0,0,1,12,3,0.5682114169476737,1.359153895127172,-0.06543905411824555,-0.879468713722589,-0.8789842240680212,1,4,0,8
355,0,0,0,1,12,1,-0.9861401087163735,-0.19554434370390925,-1.1635601677463407,-0.879468713722589,-1.1141864246978435,1,0,0,2
356,0,0,0,1,12,1,-0.6541426954677421,1.4267494707285233,0.24830983548978164,-0.879468713722589,1.0026333809705565,1,0,0,3
357,0,0,1,0,12,1,1.0058443707754152,0.41281583670825295,-0.5360623885302863,-0.879468713722589,0.7674311803407343,1,2,1,8
358,0,0,0,1,1,3,0.04003371405212374,-0.2631399193052606,-1.3204346125503543,1.4567280330294312,-0.643782023438199,1,1,2,5
359,0,0,1,0,1,1,-1.5746809776571293,-1.3446691289268822,0.09143539068576804,1.4567280330294312,0.2970267790810899,1,0,0,32
360,0,0,0,1,1,1,-1.0163216917389764,-1.2094779777241795,-0.37918794372627274,1.4567280330294312,-0.4085798228083768,1,2,0,2
361,1,0,0,0,1,2,0.19094162916513804,-1.2770735533255309,0.09143539068576804,1.4567280330294312,0.5322289797109121,0,1,1,1
362,0,0,0,1,1,2,-1.0163216917389764,-1.2094779777241795,-0.37918794372627274,1.4567280330294312,-0.4085798228083768,1,2,0,4
363,0,0,0,1,1,1,1.0058443707754152,0.41281583670825295,-0.5360623885302863,1.4567280330294312,0.7674311803407343,1,2,1,8
364,1,0,0,0,1,3,1.036025953798018,0.07483795870149618,0.5620587250978089,1.4567280330294312,-0.4085798228083768,1,1,1,8
365,0,0,0,1,1,1,0.19094162916513804,-0.6687133729133687,1.0326820595098496,1.4567280330294312,2.6490487853793123,1,1,0,8
366,0,0,0,1,1,1,-1.5746809776571293,-1.1418824021228282,2.1308031731379447,1.4567280330294312,1.0026333809705565,1,1,0,4
367,0,0,0,1,1,3,-0.6541426954677421,1.4267494707285233,0.24830983548978164,1.4567280330294312,1.0026333809705565,1,0,0,1
368,0,0,0,1,1,5,-0.6541426954677421,1.4267494707285233,0.24830983548978164,1.4567280330294312,1.0026333809705565,1,0,0,1
369,0,0,0,1,2,2,-1.5746809776571293,-1.3446691289268822,0.09143539068576804,-0.4996792156232601,0.2970267790810899,1,0,0,2
370,0,0,0,1,2,3,-0.6541426954677421,1.4267494707285233,0.24830983548978164,-0.4996792156232601,1.0026333809705565,1,0,0,3
371,1,0,0,0,2,3,0.04003371405212374,-0.2631399193052606,-1.3204346125503543,-0.4996792156232601,-0.643782023438199,1,1,2,1
372,0,0,0,1,2,5,1.0058443707754152,0.41281583670825295,-0.5360623885302863,-0.4996792156232601,0.7674311803407343,1,2,1,3
373,0,0,0,1,2,5,0.5682114169476737,1.359153895127172,-0.06543905411824555,-0.4996792156232601,-0.8789842240680212,1,4,0,3
374,0,0,0,1,2,5,-0.6541426954677421,1.4267494707285233,0.24830983548978164,-0.4996792156232601,1.0026333809705565,1,0,0,3
375,0,0,0,1,2,1,-0.6541426954677421,1.4267494707285233,0.24830983548978164,-0.4996792156232601,1.0026333809705565,1,0,0,2
376,0,0,0,1,2,3,-0.6541426954677421,1.4267494707285233,0.24830983548978164,-0.4996792156232601,1.0026333809705565,1,0,0,3
377,1,0,0,0,2,4,-0.6541426954677421,1.4267494707285233,0.24830983548978164,-0.4996792156232601,1.0026333809705565,1,0,0,8
378,0,0,0,1,2,4,0.3569403357894538,-0.33073549490661197,0.7189331699018224,-0.4996792156232601,-0.8789842240680212,1,0,0,8
379,0,0,0,1,2,5,-0.6541426954677421,1.4267494707285233,0.24830983548978164,-0.4996792156232601,1.0026333809705565,1,0,0,3
380,0,0,0,1,2,1,-0.5032347803547277,-0.060353192501206535,-0.5360623885302863,-0.4996792156232601,-0.4085798228083768,1,2,2,8
381,0,0,0,1,2,1,-0.6541426954677421,1.4267494707285233,0.24830983548978164,-0.4996792156232601,1.0026333809705565,1,0,0,3
382,0,0,0,1,2,2,0.3569403357894538,-0.33073549490661197,0.7189331699018224,-0.4996792156232601,-0.8789842240680212,1,0,0,2
383,0,0,0,1,2,2,1.036025953798018,0.07483795870149618,0.5620587250978089,-0.4996792156232601,-0.4085798228083768,1,1,1,2
384,1,0,0,0,2,3,-0.9861401087163735,-0.19554434370390925,-1.1635601677463407,-0.4996792156232601,-1.1141864246978435,1,0,0,16
385,0,0,0,1,2,3,-0.6541426954677421,1.4267494707285233,0.24830983548978164,-0.4996792156232601,1.0026333809705565,1,0,0,3
386,0,0,0,1,2,5,-0.6541426954677421,1.4267494707285233,0.24830983548978164,-0.4996792156232601,1.0026333809705565,1,0,0,3
387,1,0,0,0,2,5,0.3569403357894538,-0.33073549490661197,0.7189331699018224,-0.4996792156232601,-0.8789842240680212,1,0,0,24
388,0,0,0,1,2,3,-0.6541426954677421,1.4267494707285233,0.24830983548978164,-0.4996792156232601,1.0026333809705565,1,0,0,3
389,0,0,0,1,2,5,-0.6541426954677421,1.4267494707285233,0.24830983548978164,-0.4996792156232601,1.0026333809705565,1,0,0,3
390,0,0,1,0,3,2,-1.5746809776571293,-1.3446691289268822,0.09143539068576804,-0.6854857703915868,0.2970267790810899,1,0,0,8
391,0,0,1,0,3,3,0.3569403357894538,-0.33073549490661197,0.7189331699018224,-0.6854857703915868,-0.8789842240680212,1,0,0,16
392,0,0,0,1,3,5,0.3569403357894538,-0.33073549490661197,0.7189331699018224,-0.6854857703915868,-0.8789842240680212,1,0,0,2
393,0,0,0,1,3,5,0.5682114169476737,1.359153895127172,-0.06543905411824555,-0.6854857703915868,-0.8789842240680212,1,4,0,4
394,0,0,0,1,3,1,-0.6541426954677421,1.4267494707285233,0.24830983548978164,-0.6854857703915868,1.0026333809705565,1,0,0,2
395,0,0,0,1,3,1,0.19094162916513804,-1.2770735533255309,0.09143539068576804,-0.6854857703915868,0.5322289797109121,0,1,1,8
396,0,0,0,1,3,2,-0.6541426954677421,-0.533522221710666,0.5620587250978089,-0.6854857703915868,-1.1141864246978435,0,2,0,8
397,0,0,0,1,3,2,2.3489248152812423,1.2915583195258205,-0.06543905411824555,-0.6854857703915868,-1.3493886253276657,1,2,4,8
398,0,0,0,1,3,1,-0.6541426954677421,1.4267494707285233,0.24830983548978164,-0.6854857703915868,1.0026333809705565,1,0,0,16
399,0,0,0,1,3,3,2.092381359589118,1.4943450463298746,-1.3204346125503543,-0.6854857703915868,0.061824578451267674,1,1,4,8
400,0,0,0,0,3,3,2.2131076916795296,-0.8715000997174228,-0.8498112781383136,-0.6854857703915868,-0.4085798228083768,1,3,0,0
401,0,0,1,0,3,4,0.19094162916513804,-1.2770735533255309,0.09143539068576804,-0.6854857703915868,0.5322289797109121,0,1,1,8
402,0,0,0,1,3,5,-1.5746809776571293,-1.1418824021228282,2.1308031731379447,-0.6854857703915868,1.0026333809705565,1,1,0,2
403,1,0,0,0,3,2,-1.5746809776571293,-1.1418824021228282,2.1308031731379447,-0.6854857703915868,1.0026333809705565,1,1,0,3
404,1,0,0,0,3,3,-1.5746809776571293,-1.1418824021228282,2.1308031731379447,-0.6854857703915868,1.0026333809705565,1,1,0,8
405,0,0,0,0,3,4,0.19094162916513804,-1.2770735533255309,0.09143539068576804,-0.6854857703915868,0.5322289797109121,0,1,1,0
406,0,0,0,0,3,4,0.3569403357894538,-0.33073549490661197,0.7189331699018224,-0.6854857703915868,-0.8789842240680212,1,0,0,0
407,0,0,0,0,3,4,-1.5746809776571293,-1.1418824021228282,2.1308031731379447,-0.6854857703915868,1.0026333809705565,1,1,0,0
408,0,0,0,1,3,5,-0.6541426954677421,1.4267494707285233,0.24830983548978164,-0.6854857703915868,1.0026333809705565,1,0,0,8
409,0,0,0,1,3,5,1.0058443707754152,0.41281583670825295,-0.5360623885302863,-0.6854857703915868,0.7674311803407343,1,2,1,8
410,0,0,1,0,3,1,0.5682114169476737,1.359153895127172,-0.06543905411824555,-0.6854857703915868,-0.8789842240680212,1,4,0,8
411,0,0,0,1,3,2,0.3569403357894538,-0.33073549490661197,0.7189331699018224,-0.6854857703915868,-0.8789842240680212,1,0,0,2
412,0,0,0,1,4,3,-0.6541426954677421,1.4267494707285233,0.24830983548978164,-0.8099569088166614,1.0026333809705565,1,0,0,4
413,0,0,0,1,4,5,0.5682114169476737,1.359153895127172,-0.06543905411824555,-0.8099569088166614,-0.8789842240680212,1,4,0,3
414,0,0,0,1,4,5,1.624566822738774,-0.9390956753187741,-1.3204346125503543,-0.8099569088166614,-0.4085798228083768,0,0,0,4
415,0,0,0,1,4,1,2.2131076916795296,-0.8715000997174228,-0.8498112781383136,-0.8099569088166614,-0.4085798228083768,1,3,0,4
416,0,0,0,1,4,1,0.38712191881205665,-0.33073549490661197,1.6601798387259041,-0.8099569088166614,1.2378355816003788,1,2,1,4
417,0,0,0,1,4,3,1.624566822738774,-0.9390956753187741,-1.3204346125503543,-0.8099569088166614,-0.4085798228083768,0,0,0,8
418,0,0,0,1,4,3,-0.6541426954677421,1.4267494707285233,0.24830983548978164,-0.8099569088166614,1.0026333809705565,1,0,0,8
419,0,0,0,1,4,1,-1.5746809776571293,-1.1418824021228282,2.1308031731379447,-0.8099569088166614,1.0026333809705565,1,1,0,1
420,1,0,0,0,4,3,-1.5746809776571293,-1.1418824021228282,2.1308031731379447,-0.8099569088166614,1.0026333809705565,1,1,0,120
421,0,0,0,1,4,5,1.171843077399731,-0.2631399193052606,1.0326820595098496,-0.8099569088166614,-0.4085798228083768,1,2,1,8
422,0,0,0,1,4,5,0.5682114169476737,1.359153895127172,-0.06543905411824555,-0.8099569088166614,-0.8789842240680212,1,4,0,4
423,0,0,0,1,4,1,-0.6541426954677421,1.4267494707285233,0.24830983548978164,-0.8099569088166614,1.0026333809705565,1,0,0,4
424,1,0,0,0,4,3,-1.5746809776571293,-1.3446691289268822,0.09143539068576804,-0.8099569088166614,0.2970267790810899,1,0,0,2
425,1,0,0,0,5,1,0.19094162916513804,-0.6687133729133687,1.0326820595098496,-0.6433036067670183,2.6490487853793123,1,1,0,16
426,0,0,0,1,5,3,0.38712191881205665,-0.33073549490661197,1.6601798387259041,-0.6433036067670183,1.2378355816003788,1,2,1,2
427,1,0,0,0,5,1,2.2131076916795296,-0.8715000997174228,-0.8498112781383136,-0.6433036067670183,-0.4085798228083768,1,3,0,8
428,0,0,0,1,5,3,-0.6541426954677421,-0.2631399193052606,-1.0066857229423272,-0.6433036067670183,-1.8197930265873101,0,0,0,3
429,0,0,0,1,5,3,-0.6541426954677421,1.4267494707285233,0.24830983548978164,-0.6433036067670183,1.0026333809705565,1,0,0,4
430,0,0,0,1,5,4,2.092381359589118,1.4943450463298746,-1.3204346125503543,-0.6433036067670183,0.061824578451267674,1,1,4,1
431,0,0,0,1,5,5,0.5682114169476737,1.359153895127172,-0.06543905411824555,-0.6433036067670183,-0.8789842240680212,1,4,0,3
432,1,0,0,0,5,1,-0.6541426954677421,-0.533522221710666,0.5620587250978089,-0.6433036067670183,-1.1141864246978435,0,2,0,2
433,1,0,0,0,5,1,-0.6541426954677421,-0.533522221710666,0.5620587250978089,-0.6433036067670183,-1.1141864246978435,0,2,0,3
434,0,0,1,0,5,3,0.08530608858602803,-1.074286826521477,3.3857987315700537,-0.6433036067670183,-1.1141864246978435,1,2,1,8
435,0,0,0,1,5,3,0.04003371405212374,-0.2631399193052606,-1.3204346125503543,-0.6433036067670183,-0.643782023438199,1,1,2,3
436,1,0,0,0,5,5,1.624566822738774,-0.9390956753187741,-1.3204346125503543,-0.6433036067670183,-0.4085798228083768,0,0,0,8
437,0,0,0,1,5,1,-0.6541426954677421,-0.2631399193052606,-1.0066857229423272,-0.6433036067670183,-1.8197930265873101,0,0,0,2
438,0,0,0,1,5,1,-1.5746809776571293,-1.3446691289268822,0.09143539068576804,-0.6433036067670183,0.2970267790810899,1,0,0,1
439,1,0,0,0,5,1,0.19094162916513804,-1.2770735533255309,0.09143539068576804,-0.6433036067670183,0.5322289797109121,0,1,1,8
440,0,0,0,1,5,3,-0.6541426954677421,-0.2631399193052606,-1.0066857229423272,-0.6433036067670183,-1.8197930265873101,0,0,0,3
441,0,0,0,1,6,1,-1.5746809776571293,-1.3446691289268822,0.09143539068576804,-0.44619513263988686,0.2970267790810899,1,0,0,3
442,0,0,0,1,6,1,-0.6541426954677421,1.4267494707285233,0.24830983548978164,-0.44619513263988686,1.0026333809705565,1,0,0,3
443,0,0,0,1,6,2,-1.5746809776571293,-1.3446691289268822,0.09143539068576804,-0.44619513263988686,0.2970267790810899,1,0,0,2
444,0,0,0,1,6,4,0.04003371405212374,-0.2631399193052606,-1.3204346125503543,-0.44619513263988686,-0.643782023438199,1,1,2,4
445,0,0,0,1,6,5,0.5682114169476737,1.359153895127172,-0.06543905411824555,-0.44619513263988686,-0.8789842240680212,1,4,0,4
446,0,0,0,0,6,5,-0.6541426954677421,1.4267494707285233,0.24830983548978164,-0.44619513263988686,1.0026333809705565,1,0,0,0
447,1,0,0,0,6,1,1.036025953798018,0.07483795870149618,0.5620587250978089,-0.44619513263988686,-0.4085798228083768,1,1,1,40
448,0,0,0,1,6,1,-0.6541426954677421,1.4267494707285233,0.24830983548978164,-0.44619513263988686,1.0026333809705565,1,0,0,24
449,0,0,0,1,6,2,0.3569403357894538,-0.33073549490661197,0.7189331699018224,-0.44619513263988686,-0.8789842240680212,1,0,0,3
450,0,0,0,1,6,1,-0.6541426954677421,1.4267494707285233,0.24830983548978164,-0.44619513263988686,1.0026333809705565,1,0,0,4
451,0,0,0,1,6,2,0.19094162916513804,-0.6687133729133687,1.0326820595098496,-0.44619513263988686,2.6490487853793123,1,1,0,8
452,0,0,0,1,6,1,-0.6541426954677421,1.4267494707285233,0.24830983548978164,-0.44619513263988686,1.0026333809705565,1,0,0,2
453,0,0,0,1,6,3,0.04003371405212374,-0.2631399193052606,-1.3204346125503543,-0.44619513263988686,-0.643782023438199,1,1,2,2
454,0,0,0,1,6,3,-1.5746809776571293,-1.1418824021228282,2.1308031731379447,-0.44619513263988686,1.0026333809705565,1,1,0,2
455,1,0,0,0,6,3,-0.6541426954677421,1.4267494707285233,0.24830983548978164,-0.44619513263988686,1.0026333809705565,1,0,0,8
456,0,0,1,0,6,3,-0.6541426954677421,-0.2631399193052606,-1.0066857229423272,-0.44619513263988686,-1.8197930265873101,0,0,0,2
457,0,0,0,1,6,5,0.3569403357894538,-0.33073549490661197,0.7189331699018224,-0.44619513263988686,-0.8789842240680212,1,0,0,2
458,1,0,0,0,6,2,1.624566822738774,-0.9390956753187741,-1.3204346125503543,-0.44619513263988686,-0.4085798228083768,0,0,0,1
459,1,0,0,0,6,2,0.19094162916513804,-1.2770735533255309,0.09143539068576804,-0.44619513263988686,0.5322289797109121,0,1,1,8
460,0,0,0,1,7,4,-0.6541426954677421,-0.2631399193052606,-1.0066857229423272,-1.037970631455925,-1.8197930265873101,0,0,0,2
461,0,0,0,1,7,4,0.04003371405212374,-0.2631399193052606,-1.3204346125503543,-1.037970631455925,-0.643782023438199,1,1,2,4
462,1,0,0,0,7,5,0.5682114169476737,1.359153895127172,-0.06543905411824555,-1.037970631455925,-0.8789842240680212,1,4,0,8
463,1,0,0,0,7,1,0.6889377490380852,-1.2770735533255309,-0.5360623885302863,-1.037970631455925,-0.4085798228083768,0,0,0,8
464,0,0,0,1,7,5,1.624566822738774,-0.9390956753187741,-1.3204346125503543,-1.037970631455925,-0.4085798228083768,0,0,0,8
465,0,0,0,1,7,5,-1.5746809776571293,-1.3446691289268822,0.09143539068576804,-1.037970631455925,0.2970267790810899,1,0,0,8
466,0,0,0,1,7,1,0.5682114169476737,1.359153895127172,-0.06543905411824555,-1.037970631455925,-0.8789842240680212,1,4,0,4
467,0,0,0,1,7,2,-1.5746809776571293,-1.3446691289268822,0.09143539068576804,-1.037970631455925,0.2970267790810899,1,0,0,8
468,0,1,0,0,7,1,1.171843077399731,-0.2631399193052606,1.0326820595098496,-1.037970631455925,-0.4085798228083768,1,2,1,8
469,0,0,0,1,7,1,0.19094162916513804,-0.060353192501206535,1.8170542835299177,-1.037970631455925,1.473037782230201,1,1,5,1
470,0,0,0,1,7,2,0.3569403357894538,-0.33073549490661197,0.7189331699018224,-1.037970631455925,-0.8789842240680212,1,0,0,2
471,1,0,0,0,7,2,0.04003371405212374,-0.2631399193052606,-1.3204346125503543,-1.037970631455925,-0.643782023438199,1,1,2,112
472,0,0,0,1,7,2,-0.6541426954677421,1.4267494707285233,0.24830983548978164,-1.037970631455925,1.0026333809705565,1,0,0,1
473,0,0,0,1,7,5,-1.5746809776571293,-1.1418824021228282,2.1308031731379447,-1.037970631455925,1.0026333809705565,1,1,0,1
474,0,0,0,1,7,5,2.092381359589118,1.4943450463298746,-1.3204346125503543,-1.037970631455925,0.061824578451267674,1,1,4,8
475,0,0,0,1,7,1,1.0058443707754152,0.41281583670825295,-0.5360623885302863,-1.037970631455925,0.7674311803407343,1,2,1,8
476,0,0,0,1,7,1,0.19094162916513804,-0.6687133729133687,1.0326820595098496,-1.037970631455925,2.6490487853793123,1,1,0,8
477,0,0,0,1,7,2,0.3569403357894538,-0.33073549490661197,0.7189331699018224,-1.037970631455925,-0.8789842240680212,1,0,0,2
478,0,0,0,1,7,4,1.036025953798018,0.07483795870149618,0.5620587250978089,-1.037970631455925,-0.4085798228083768,1,1,1,1
479,0,0,0,1,7,4,0.854936455662401,-1.682647006933639,0.4051842802937953,-1.037970631455925,-0.643782023438199,1,2,0,2
480,0,0,0,1,8,4,-0.6541426954677421,1.4267494707285233,0.24830983548978164,-0.5502127975350877,1.0026333809705565,1,0,0,4
481,0,0,0,1,8,1,-0.6541426954677421,-0.533522221710666,0.5620587250978089,-0.5502127975350877,-1.1141864246978435,0,2,0,1
482,0,0,0,1,8,2,0.3569403357894538,-0.33073549490661197,0.7189331699018224,-0.5502127975350877,-0.8789842240680212,1,0,0,4
483,0,0,0,1,8,2,-1.5746809776571293,-1.3446691289268822,0.09143539068576804,-0.5502127975350877,0.2970267790810899,1,0,0,4
484,0,0,0,1,8,2,1.0058443707754152,0.41281583670825295,-0.5360623885302863,-0.5502127975350877,0.7674311803407343,1,2,1,8
485,0,0,0,1,8,2,0.19094162916513804,-0.6687133729133687,1.0326820595098496,-0.5502127975350877,2.6490487853793123,1,1,0,8
486,0,0,0,1,8,4,1.036025953798018,0.07483795870149618,0.5620587250978089,-0.5502127975350877,-0.4085798228083768,1,1,1,4
487,0,0,0,1,8,1,-0.6541426954677421,1.4267494707285233,0.24830983548978164,-0.5502127975350877,1.0026333809705565,1,0,0,4
488,0,0,0,1,8,2,-0.6541426954677421,-0.533522221710666,0.5620587250978089,-0.5502127975350877,-1.1141864246978435,0,2,0,8
489,0,0,0,1,8,4,1.624566822738774,-0.9390956753187741,-1.3204346125503543,-0.5502127975350877,-0.4085798228083768,0,0,0,16
490,0,0,0,1,8,2,0.19094162916513804,-1.2770735533255309,0.09143539068576804,-0.5502127975350877,0.5322289797109121,0,1,1,4
491,0,0,0,1,8,2,0.3569403357894538,-0.33073549490661197,0.7189331699018224,-0.5502127975350877,-0.8789842240680212,1,0,0,1
492,0,0,0,1,8,2,-1.5746809776571293,-1.3446691289268822,0.09143539068576804,-0.5502127975350877,0.2970267790810899,1,0,0,5
493,0,0,0,1,8,4,1.036025953798018,0.07483795870149618,0.5620587250978089,-0.5502127975350877,-0.4085798228083768,1,1,1,2
494,0,0,0,1,8,1,0.5682114169476737,1.359153895127172,-0.06543905411824555,-0.5502127975350877,-0.8789842240680212,1,4,0,3
495,0,0,0,1,9,2,0.3569403357894538,-0.33073549490661197,0.7189331699018224,-0.2511870152077549,-0.8789842240680212,1,0,0,1
496,0,0,0,1,9,2,0.3569403357894538,-0.33073549490661197,0.7189331699018224,-0.2511870152077549,-0.8789842240680212,1,0,0,1
497,0,0,0,1,9,2,-1.5746809776571293,-1.3446691289268822,0.09143539068576804,-0.2511870152077549,0.2970267790810899,1,0,0,3
498,0,0,0,1,9,2,-1.0163216917389764,-1.2094779777241795,-0.37918794372627274,-0.2511870152077549,-0.4085798228083768,1,2,0,2
499,0,0,0,1,9,4,1.036025953798018,0.07483795870149618,0.5620587250978089,-0.2511870152077549,-0.4085798228083768,1,1,1,2
500,0,0,0,1,9,5,-0.6541426954677421,-0.2631399193052606,-1.0066857229423272,-0.2511870152077549,-1.8197930265873101,0,0,0,8
501,0,0,0,1,9,5,0.38712191881205665,-0.33073549490661197,1.6601798387259041,-0.2511870152077549,1.2378355816003788,1,2,1,1
502,0,0,0,1,9,1,-0.6541426954677421,1.4267494707285233,0.24830983548978164,-0.2511870152077549,1.0026333809705565,1,0,0,4
503,0,0,0,1,9,3,0.04003371405212374,-0.2631399193052606,-1.3204346125503543,-0.2511870152077549,-0.643782023438199,1,1,2,1
504,0,0,0,1,9,1,-0.6541426954677421,-0.2631399193052606,-1.0066857229423272,-0.2511870152077549,-1.8197930265873101,0,0,0,2
505,0,0,0,1,9,2,2.2131076916795296,-0.8715000997174228,-0.8498112781383136,-0.2511870152077549,-0.4085798228083768,1,3,0,8
506,0,0,0,1,9,2,2.092381359589118,1.4943450463298746,-1.3204346125503543,-0.2511870152077549,0.061824578451267674,1,1,4,8
507,1,0,0,0,10,4,1.0058443707754152,1.2239627439244691,1.9739287283339313,0.32633606317793207,2.178644384119668,1,0,2,1
508,1,0,0,0,10,4,0.19094162916513804,-0.9390956753187741,-0.6929368333343,0.32633606317793207,-0.4085798228083768,0,0,0,3
509,0,0,0,1,10,5,0.3569403357894538,-0.33073549490661197,0.7189331699018224,0.32633606317793207,-0.8789842240680212,1,0,0,8
510,1,0,0,0,10,3,1.0058443707754152,1.2239627439244691,1.9739287283339313,0.32633606317793207,2.178644384119668,1,0,2,3
511,0,0,0,1,10,3,1.036025953798018,0.07483795870149618,0.5620587250978089,0.32633606317793207,-0.4085798228083768,1,1,1,2
512,0,0,0,1,10,2,-1.5746809776571293,-1.3446691289268822,0.09143539068576804,0.32633606317793207,0.2970267790810899,1,0,0,2
513,0,0,0,1,10,4,1.0058443707754152,1.2239627439244691,1.9739287283339313,0.32633606317793207,2.178644384119668,1,0,2,2
514,0,0,0,1,10,5,1.036025953798018,0.07483795870149618,0.5620587250978089,0.32633606317793207,-0.4085798228083768,1,1,1,1
515,0,0,0,1,10,2,0.04003371405212374,-0.2631399193052606,-1.3204346125503543,0.32633606317793207,-0.643782023438199,1,1,2,2
516,0,0,0,1,10,2,2.2131076916795296,-0.8715000997174228,-0.8498112781383136,0.32633606317793207,-0.4085798228083768,1,3,0,8
517,0,0,0,1,10,2,2.2131076916795296,-0.8715000997174228,-0.8498112781383136,0.32633606317793207,-0.4085798228083768,1,3,0,3
518,0,0,0,1,10,2,0.04003371405212374,-0.2631399193052606,-1.3204346125503543,0.32633606317793207,-0.643782023438199,1,1,2,4
519,0,0,0,1,10,2,2.2131076916795296,-0.8715000997174228,-0.8498112781383136,0.32633606317793207,-0.4085798228083768,1,3,0,8
520,0,0,0,1,10,3,-0.6541426954677421,1.4267494707285233,0.24830983548978164,0.32633606317793207,1.0026333809705565,1,0,0,3
521,1,0,0,0,10,3,0.08530608858602803,-1.074286826521477,3.3857987315700537,0.32633606317793207,-1.1141864246978435,1,2,1,1
522,0,0,0,1,10,3,1.036025953798018,0.07483795870149618,0.5620587250978089,0.32633606317793207,-0.4085798228083768,1,1,1,1
523,1,0,0,0,10,4,2.2131076916795296,-0.8715000997174228,-0.8498112781383136,0.32633606317793207,-0.4085798228083768,1,3,0,8
524,1,0,0,0,10,4,0.04003371405212374,-0.2631399193052606,-1.3204346125503543,0.32633606317793207,-0.643782023438199,1,1,2,1
525,1,0,0,0,10,5,2.2131076916795296,-0.8715000997174228,-0.8498112781383136,0.32633606317793207,-0.4085798228083768,1,3,0,8
526,1,0,0,0,10,5,0.04003371405212374,-0.2631399193052606,-1.3204346125503543,0.32633606317793207,-0.643782023438199,1,1,2,3
527,0,0,0,1,10,7,-0.5032347803547277,-0.060353192501206535,-0.5360623885302863,0.32633606317793207,-0.4085798228083768,1,2,2,8
528,1,0,0,0,10,7,0.19094162916513804,-0.9390956753187741,-0.6929368333343,0.32633606317793207,-0.4085798228083768,0,0,0,8
529,1,0,0,0,10,7,0.38712191881205665,-0.33073549490661197,1.6601798387259041,0.32633606317793207,1.2378355816003788,1,2,1,8
530,0,0,0,0,10,7,0.04003371405212374,-0.2631399193052606,-1.3204346125503543,0.32633606317793207,-0.643782023438199,1,1,2,0
531,1,0,0,0,10,2,0.04003371405212374,-0.2631399193052606,-1.3204346125503543,0.32633606317793207,-0.643782023438199,1,1,2,3
532,0,0,1,0,11,2,-0.6541426954677421,1.4267494707285233,0.24830983548978164,-0.08208329701394555,1.0026333809705565,1,0,0,1
533,0,0,0,1,11,3,-1.5746809776571293,-1.3446691289268822,0.09143539068576804,-0.08208329701394555,0.2970267790810899,1,0,0,3
534,1,0,0,0,11,3,1.624566822738774,-0.9390956753187741,-1.3204346125503543,-0.08208329701394555,-0.4085798228083768,0,0,0,24
535,0,0,0,1,11,5,-0.6541426954677421,1.4267494707285233,0.24830983548978164,-0.08208329701394555,1.0026333809705565,1,0,0,1
536,1,0,0,0,11,2,-1.5746809776571293,-1.3446691289268822,0.09143539068576804,-0.08208329701394555,0.2970267790810899,1,0,0,8
537,0,0,0,1,11,3,1.0058443707754152,0.41281583670825295,-0.5360623885302863,-0.08208329701394555,0.7674311803407343,1,2,1,8
538,1,0,0,0,11,5,0.19094162916513804,-0.9390956753187741,-0.6929368333343,-0.08208329701394555,-0.4085798228083768,0,0,0,8
539,0,0,0,1,11,5,0.04003371405212374,-0.2631399193052606,-1.3204346125503543,-0.08208329701394555,-0.643782023438199,1,1,2,4
540,0,0,0,1,11,2,2.092381359589118,1.4943450463298746,-1.3204346125503543,-0.08208329701394555,0.061824578451267674,1,1,4,8
541,0,0,0,1,11,3,1.036025953798018,0.07483795870149618,0.5620587250978089,-0.08208329701394555,-0.4085798228083768,1,1,1,2
542,1,0,0,0,11,4,-1.5746809776571293,-1.3446691289268822,0.09143539068576804,-0.08208329701394555,0.2970267790810899,1,0,0,2
543,1,0,0,0,11,4,0.04003371405212374,-0.2631399193052606,-1.3204346125503543,-0.08208329701394555,-0.643782023438199,1,1,2,3
544,0,0,0,1,11,1,-0.6541426954677421,1.4267494707285233,0.24830983548978164,-0.08208329701394555,1.0026333809705565,1,0,0,1
545,0,0,0,1,11,1,-1.5746809776571293,-1.3446691289268822,0.09143539068576804,-0.08208329701394555,0.2970267790810899,1,0,0,8
546,1,0,0,0,11,2,-1.5746809776571293,-1.3446691289268822,0.09143539068576804,-0.08208329701394555,0.2970267790810899,1,0,0,8
547,0,0,0,1,11,2,0.04003371405212374,-0.2631399193052606,-1.3204346125503543,-0.08208329701394555,-0.643782023438199,1,1,2,2
548,0,0,0,0,11,2,1.036025953798018,0.07483795870149618,0.5620587250978089,-0.08208329701394555,-0.4085798228083768,1,1,1,0
549,0,0,0,0,11,3,1.0058443707754152,0.41281583670825295,-0.5360623885302863,-0.08208329701394555,0.7674311803407343,1,2,1,0
550,1,0,0,0,11,4,0.38712191881205665,-0.33073549490661197,1.6601798387259041,-0.08208329701394555,1.2378355816003788,1,2,1,4
551,0,0,0,0,11,4,0.19094162916513804,-0.6687133729133687,1.0326820595098496,-0.08208329701394555,2.6490487853793123,1,1,0,0
552,0,0,0,1,11,5,0.04003371405212374,-0.2631399193052606,-1.3204346125503543,-0.08208329701394555,-0.643782023438199,1,1,2,2
553,0,0,0,1,11,5,2.2131076916795296,-0.8715000997174228,-0.8498112781383136,-0.08208329701394555,-0.4085798228083768,1,3,0,8
554,0,0,0,1,11,1,2.092381359589118,1.4943450463298746,-1.3204346125503543,-0.08208329701394555,0.061824578451267674,1,1,4,2
555,1,0,0,0,12,2,-0.6541426954677421,1.4267494707285233,0.24830983548978164,0.2187177868055889,1.0026333809705565,1,0,0,32
556,0,0,0,1,12,3,1.036025953798018,0.07483795870149618,0.5620587250978089,0.2187177868055889,-0.4085798228083768,1,1,1,1
557,0,0,0,1,12,3,0.04003371405212374,-0.2631399193052606,-1.3204346125503543,0.2187177868055889,-0.643782023438199,1,1,2,3
558,1,0,0,0,12,5,-0.6541426954677421,-0.2631399193052606,-1.0066857229423272,0.2187177868055889,-1.8197930265873101,0,0,0,1
559,0,0,0,1,12,5,0.04003371405212374,-0.2631399193052606,-1.3204346125503543,0.2187177868055889,-0.643782023438199,1,1,2,3
560,0,0,0,1,12,3,0.04003371405212374,-0.2631399193052606,-1.3204346125503543,0.2187177868055889,-0.643782023438199,1,1,2,3
561,1,0,0,0,12,4,2.092381359589118,1.4943450463298746,-1.3204346125503543,0.2187177868055889,0.061824578451267674,1,1,4,4
562,0,0,1,0,12,5,-0.6541426954677421,-0.533522221710666,0.5620587250978089,0.2187177868055889,-1.1141864246978435,0,2,0,2
563,0,0,0,1,12,5,0.19094162916513804,-0.6687133729133687,1.0326820595098496,0.2187177868055889,2.6490487853793123,1,1,0,8
564,0,0,1,0,12,1,0.16076004614253517,1.4267494707285233,-0.8498112781383136,0.2187177868055889,-1.3493886253276657,0,1,8,8
565,1,0,0,0,12,2,-0.6541426954677421,-0.2631399193052606,-1.0066857229423272,0.2187177868055889,-1.8197930265873101,0,0,0,16
566,0,0,0,1,12,2,0.04003371405212374,-0.2631399193052606,-1.3204346125503543,0.2187177868055889,-0.643782023438199,1,1,2,2
567,0,0,0,1,12,4,0.04003371405212374,-0.2631399193052606,-1.3204346125503543,0.2187177868055889,-0.643782023438199,1,1,2,3
568,0,0,0,1,12,1,0.04003371405212374,-0.2631399193052606,-1.3204346125503543,0.2187177868055889,-0.643782023438199,1,1,2,2
569,0,0,1,0,12,2,-1.0163216917389764,-1.2094779777241795,-0.37918794372627274,0.2187177868055889,-0.4085798228083768,1,2,0,80
570,1,0,0,0,1,1,-0.6541426954677421,-0.2631399193052606,-1.0066857229423272,1.0434328447955912,-1.8197930265873101,0,0,0,24
571,1,0,0,0,1,4,-0.6541426954677421,-0.2631399193052606,-1.0066857229423272,1.0434328447955912,-1.8197930265873101,0,0,0,16
572,0,0,0,1,1,4,-0.6541426954677421,-0.533522221710666,0.5620587250978089,1.0434328447955912,-1.1141864246978435,0,2,0,2
573,0,0,0,1,1,5,-0.6541426954677421,-0.533522221710666,0.5620587250978089,1.0434328447955912,-1.1141864246978435,0,2,0,2
574,1,0,0,0,1,1,-0.6541426954677421,-0.2631399193052606,-1.0066857229423272,1.0434328447955912,-1.8197930265873101,0,0,0,3
575,0,0,0,1,1,3,-0.6541426954677421,-0.533522221710666,0.5620587250978089,1.0434328447955912,-1.1141864246978435,0,2,0,2
576,1,0,0,0,1,4,1.0058443707754152,1.2239627439244691,1.9739287283339313,1.0434328447955912,2.178644384119668,1,0,2,8
577,0,0,1,0,1,5,-0.6541426954677421,-0.533522221710666,0.5620587250978089,1.0434328447955912,-1.1141864246978435,0,2,0,3
578,0,0,0,1,1,1,-0.6541426954677421,-0.2631399193052606,-1.0066857229423272,1.0434328447955912,-1.8197930265873101,0,0,0,2
579,0,0,1,0,1,2,-1.0163216917389764,-1.2094779777241795,-0.37918794372627274,1.0434328447955912,-0.4085798228083768,1,2,0,8
580,0,0,0,1,1,3,-0.6541426954677421,-0.2631399193052606,-1.0066857229423272,1.0434328447955912,-1.8197930265873101,0,0,0,2
581,0,0,0,1,1,3,-0.6541426954677421,1.4267494707285233,0.24830983548978164,1.0434328447955912,1.0026333809705565,1,0,0,3
582,1,0,0,0,1,3,1.0058443707754152,0.41281583670825295,-0.5360623885302863,1.0434328447955912,0.7674311803407343,1,2,1,8
583,0,0,0,1,1,4,-0.6541426954677421,1.4267494707285233,0.24830983548978164,1.0434328447955912,1.0026333809705565,1,0,0,3
584,0,0,0,1,1,5,-0.6541426954677421,1.4267494707285233,0.24830983548978164,1.0434328447955912,1.0026333809705565,1,0,0,2
585,1,0,0,0,2,2,-0.6541426954677421,1.4267494707285233,0.24830983548978164,-0.1888514290097402,1.0026333809705565,1,0,0,8
586,0,0,0,1,2,2,0.04003371405212374,-0.2631399193052606,-1.3204346125503543,-0.1888514290097402,-0.643782023438199,1,1,2,3
587,1,0,0,0,2,3,0.38712191881205665,-0.33073549490661197,1.6601798387259041,-0.1888514290097402,1.2378355816003788,1,2,1,8
588,0,0,0,1,2,3,-0.6541426954677421,1.4267494707285233,0.24830983548978164,-0.1888514290097402,1.0026333809705565,1,0,0,2
589,0,0,0,1,2,4,0.04003371405212374,-0.2631399193052606,-1.3204346125503543,-0.1888514290097402,-0.643782023438199,1,1,2,3
590,0,0,0,1,2,4,-0.6541426954677421,1.4267494707285233,0.24830983548978164,-0.1888514290097402,1.0026333809705565,1,0,0,2
591,0,0,0,1,2,4,-0.6541426954677421,-0.2631399193052606,-1.0066857229423272,-0.1888514290097402,-1.8197930265873101,0,0,0,2
592,0,0,0,1,2,5,0.04003371405212374,-1.0066912509201256,0.7189331699018224,-0.1888514290097402,0.2970267790810899,0,2,2,2
593,0,0,0,1,2,5,-0.6541426954677421,1.4267494707285233,0.24830983548978164,-0.1888514290097402,1.0026333809705565,1,0,0,2
594,0,0,1,0,2,1,0.16076004614253517,1.4267494707285233,-0.8498112781383136,-0.1888514290097402,-1.3493886253276657,0,1,8,2
595,0,0,0,1,2,1,-0.6541426954677421,1.4267494707285233,0.24830983548978164,-0.1888514290097402,1.0026333809705565,1,0,0,2
596,1,0,0,0,2,2,0.04003371405212374,-0.2631399193052606,-1.3204346125503543,-0.1888514290097402,-0.643782023438199,1,1,2,8
597,0,0,0,1,2,3,-0.6541426954677421,1.4267494707285233,0.24830983548978164,-0.1888514290097402,1.0026333809705565,1,0,0,3
598,0,0,0,1,2,4,-0.6541426954677421,1.4267494707285233,0.24830983548978164,-0.1888514290097402,1.0026333809705565,1,0,0,3
599,0,0,0,1,2,4,0.04003371405212374,-0.2631399193052606,-1.3204346125503543,-0.1888514290097402,-0.643782023438199,1,1,2,3
600,1,0,0,0,2,4,-0.6541426954677421,-0.2631399193052606,-1.0066857229423272,-0.1888514290097402,-1.8197930265873101,0,0,0,2
601,0,0,0,1,2,5,-0.6541426954677421,-0.533522221710666,0.5620587250978089,-0.1888514290097402,-1.1141864246978435,0,2,0,2
602,0,0,0,1,2,5,-0.6541426954677421,1.4267494707285233,0.24830983548978164,-0.1888514290097402,1.0026333809705565,1,0,0,3
603,1,0,0,0,2,3,0.16076004614253517,1.4267494707285233,-0.8498112781383136,-0.1888514290097402,-1.3493886253276657,0,1,8,3
604,0,0,0,1,2,3,-0.6541426954677421,-0.2631399193052606,-1.0066857229423272,-0.1888514290097402,-1.8197930265873101,0,0,0,2
605,0,0,0,1,2,3,-0.6541426954677421,1.4267494707285233,0.24830983548978164,-0.1888514290097402,1.0026333809705565,1,0,0,2
606,1,0,0,0,2,4,-0.6541426954677421,1.4267494707285233,0.24830983548978164,-0.1888514290097402,1.0026333809705565,1,0,0,8
607,0,0,0,1,2,5,-0.6541426954677421,1.4267494707285233,0.24830983548978164,-0.1888514290097402,1.0026333809705565,1,0,0,2
608,0,0,0,1,2,1,-1.0163216917389764,-1.2094779777241795,-0.37918794372627274,-0.1888514290097402,-0.4085798228083768,1,2,0,5
609,0,0,0,1,2,1,0.19094162916513804,-0.9390956753187741,-0.6929368333343,-0.1888514290097402,-0.4085798228083768,0,0,0,3
610,0,0,0,1,2,1,-0.6541426954677421,1.4267494707285233,0.24830983548978164,-0.1888514290097402,1.0026333809705565,1,0,0,2
611,1,0,0,0,2,1,0.04003371405212374,-0.2631399193052606,-1.3204346125503543,-0.1888514290097402,-0.643782023438199,1,1,2,2
612,0,0,0,1,2,2,-0.6541426954677421,1.4267494707285233,0.24830983548978164,-0.1888514290097402,1.0026333809705565,1,0,0,2
613,0,0,0,1,2,2,0.38712191881205665,-0.33073549490661197,1.6601798387259041,-0.1888514290097402,1.2378355816003788,1,2,1,2
614,0,0,0,1,2,2,0.04003371405212374,-0.2631399193052606,-1.3204346125503543,-0.1888514290097402,-0.643782023438199,1,1,2,2
615,0,0,0,1,2,3,-0.6541426954677421,1.4267494707285233,0.24830983548978164,-0.1888514290097402,1.0026333809705565,1,0,0,2
616,0,0,0,1,2,4,-0.6541426954677421,1.4267494707285233,0.24830983548978164,-0.1888514290097402,1.0026333809705565,1,0,0,2
617,0,0,0,1,2,5,0.19094162916513804,-0.9390956753187741,-0.6929368333343,-0.1888514290097402,-0.4085798228083768,0,0,0,2
618,0,0,0,1,3,1,-0.6541426954677421,1.4267494707285233,0.24830983548978164,-1.2403550015669238,1.0026333809705565,1,0,0,2
619,0,0,0,1,3,1,0.38712191881205665,-0.33073549490661197,1.6601798387259041,-1.2403550015669238,1.2378355816003788,1,2,1,2
620,0,0,0,1,3,2,0.08530608858602803,-1.074286826521477,3.3857987315700537,-1.2403550015669238,-1.1141864246978435,1,2,1,3
621,0,0,0,1,3,2,0.38712191881205665,-0.33073549490661197,1.6601798387259041,-1.2403550015669238,1.2378355816003788,1,2,1,3
622,1,0,0,0,3,2,0.08530608858602803,-1.074286826521477,3.3857987315700537,-1.2403550015669238,-1.1141864246978435,1,2,1,112
623,0,0,0,1,3,3,-0.6541426954677421,1.4267494707285233,0.24830983548978164,-1.2403550015669238,1.0026333809705565,1,0,0,2
624,0,0,0,1,3,4,0.04003371405212374,-0.2631399193052606,-1.3204346125503543,-1.2403550015669238,-0.643782023438199,1,1,2,2
625,0,0,0,1,3,4,-0.6541426954677421,1.4267494707285233,0.24830983548978164,-1.2403550015669238,1.0026333809705565,1,0,0,3
626,0,0,0,1,3,4,0.04003371405212374,-0.2631399193052606,-1.3204346125503543,-1.2403550015669238,-0.643782023438199,1,1,2,2
627,0,0,0,1,3,5,-0.6541426954677421,-0.2631399193052606,-1.0066857229423272,-1.2403550015669238,-1.8197930265873101,0,0,0,3
628,0,0,0,1,3,1,0.19094162916513804,-0.9390956753187741,-0.6929368333343,-1.2403550015669238,-0.4085798228083768,0,0,0,3
629,0,0,1,0,3,1,2.092381359589118,1.4943450463298746,-1.3204346125503543,-1.2403550015669238,0.061824578451267674,1,1,4,8
630,1,0,0,0,3,2,-0.6541426954677421,1.4267494707285233,0.24830983548978164,-1.2403550015669238,1.0026333809705565,1,0,0,8
631,0,0,0,1,3,3,-0.6541426954677421,1.4267494707285233,0.24830983548978164,-1.2403550015669238,1.0026333809705565,1,0,0,2
632,0,0,0,1,3,4,-0.6541426954677421,1.4267494707285233,0.24830983548978164,-1.2403550015669238,1.0026333809705565,1,0,0,3
633,0,0,0,1,3,5,-0.6541426954677421,-0.2631399193052606,-1.0066857229423272,-1.2403550015669238,-1.8197930265873101,0,0,0,2
634,1,0,0,0,3,1,-0.6541426954677421,1.4267494707285233,0.24830983548978164,-1.2403550015669238,1.0026333809705565,1,0,0,4
635,1,0,0,0,3,1,0.38712191881205665,-0.33073549490661197,1.6601798387259041,-1.2403550015669238,1.2378355816003788,1,2,1,2
636,0,0,0,1,3,1,-0.6541426954677421,1.4267494707285233,0.24830983548978164,-1.2403550015669238,1.0026333809705565,1,0,0,3
637,1,0,0,0,3,1,0.04003371405212374,-0.2631399193052606,-1.3204346125503543,-1.2403550015669238,-0.643782023438199,1,1,2,8
638,0,0,0,1,3,2,-0.6541426954677421,1.4267494707285233,0.24830983548978164,-1.2403550015669238,1.0026333809705565,1,0,0,2
639,0,0,0,1,3,3,1.0058443707754152,0.41281583670825295,-0.5360623885302863,-1.2403550015669238,0.7674311803407343,1,2,1,8
640,0,0,0,1,3,3,0.08530608858602803,-1.074286826521477,3.3857987315700537,-1.2403550015669238,-1.1141864246978435,1,2,1,2
641,0,0,0,1,3,3,-0.6541426954677421,1.4267494707285233,0.24830983548978164,-1.2403550015669238,1.0026333809705565,1,0,0,2
642,0,0,0,1,3,4,0.38712191881205665,-0.33073549490661197,1.6601798387259041,-1.2403550015669238,1.2378355816003788,1,2,1,3
643,0,0,0,1,3,4,-0.6541426954677421,1.4267494707285233,0.24830983548978164,-1.2403550015669238,1.0026333809705565,1,0,0,3
644,0,0,0,1,3,5,-0.6541426954677421,-0.2631399193052606,-1.0066857229423272,-1.2403550015669238,-1.8197930265873101,0,0,0,2
645,0,0,0,1,3,5,-0.6541426954677421,1.4267494707285233,0.24830983548978164,-1.2403550015669238,1.0026333809705565,1,0,0,3
646,0,0,0,1,3,2,-0.6541426954677421,1.4267494707285233,0.24830983548978164,-1.2403550015669238,1.0026333809705565,1,0,0,3
647,0,0,0,1,3,3,-1.5746809776571293,-1.0066912509201256,1.5033053939218906,-1.2403550015669238,-0.4085798228083768,1,2,0,8
648,1,0,0,0,3,3,-1.0163216917389764,-1.2094779777241795,-0.37918794372627274,-1.2403550015669238,-0.4085798228083768,1,2,0,24
649,0,0,0,1,3,3,-0.6541426954677421,1.4267494707285233,0.24830983548978164,-1.2403550015669238,1.0026333809705565,1,0,0,3
650,0,0,0,1,3,4,-0.6541426954677421,1.4267494707285233,0.24830983548978164,-1.2403550015669238,1.0026333809705565,1,0,0,3
651,1,0,0,0,3,1,-0.6541426954677421,-0.2631399193052606,-1.0066857229423272,-1.2403550015669238,-1.8197930265873101,0,0,0,2
652,0,0,1,0,3,1,1.0058443707754152,0.41281583670825295,-0.5360623885302863,-1.2403550015669238,0.7674311803407343,1,2,1,104
653,0,0,0,1,3,3,2.2131076916795296,-0.8715000997174228,-0.8498112781383136,-1.2403550015669238,-0.4085798228083768,1,3,0,8
654,1,0,0,0,4,1,0.04003371405212374,-0.2631399193052606,-1.3204346125503543,-0.637952698044044,-0.643782023438199,1,1,2,8
655,1,0,0,0,4,1,-1.5746809776571293,-1.3446691289268822,0.09143539068576804,-0.637952698044044,0.2970267790810899,1,0,0,8
656,0,0,1,0,4,2,2.092381359589118,1.4943450463298746,-1.3204346125503543,-0.637952698044044,0.061824578451267674,1,1,4,8
657,0,0,1,0,4,3,0.38712191881205665,-0.33073549490661197,1.6601798387259041,-0.637952698044044,1.2378355816003788,1,2,1,8
658,1,0,0,0,4,4,-0.5032347803547277,-0.060353192501206535,-0.5360623885302863,-0.637952698044044,-0.4085798228083768,1,2,2,8
659,0,0,0,1,4,5,-0.6541426954677421,-0.2631399193052606,-1.0066857229423272,-0.637952698044044,-1.8197930265873101,0,0,0,2
660,1,0,0,0,4,1,2.2131076916795296,-0.8715000997174228,-0.8498112781383136,-0.637952698044044,-0.4085798228083768,1,3,0,24
661,0,1,0,0,4,2,-0.6541426954677421,-0.533522221710666,0.5620587250978089,-0.637952698044044,-1.1141864246978435,0,2,0,2
662,0,0,0,1,4,2,-1.5746809776571293,-1.1418824021228282,2.1308031731379447,-0.637952698044044,1.0026333809705565,1,1,0,3
663,0,0,0,1,4,2,2.092381359589118,1.4943450463298746,-1.3204346125503543,-0.637952698044044,0.061824578451267674,1,1,4,2
664,1,0,0,0,4,3,-1.5746809776571293,-1.3446691289268822,0.09143539068576804,-0.637952698044044,0.2970267790810899,1,0,0,2
665,0,0,0,1,4,5,0.19094162916513804,-1.2770735533255309,0.09143539068576804,-0.637952698044044,0.5322289797109121,0,1,1,8
666,0,0,0,1,4,5,-0.6541426954677421,-0.2631399193052606,-1.0066857229423272,-0.637952698044044,-1.8197930265873101,0,0,0,2
667,0,0,1,0,4,1,0.04003371405212374,-0.2631399193052606,-1.3204346125503543,-0.637952698044044,-0.643782023438199,1,1,2,8
668,0,1,0,0,4,2,0.19094162916513804,-0.9390956753187741,-0.6929368333343,-0.637952698044044,-0.4085798228083768,0,0,0,3
669,0,0,0,1,4,5,-0.6541426954677421,-0.2631399193052606,-1.0066857229423272,-0.637952698044044,-1.8197930265873101,0,0,0,2
670,0,0,0,1,4,2,-1.0163216917389764,-1.2094779777241795,-0.37918794372627274,-0.637952698044044,-0.4085798228083768,1,2,0,4
671,0,0,1,0,4,4,0.04003371405212374,-0.2631399193052606,-1.3204346125503543,-0.637952698044044,-0.643782023438199,1,1,2,8
672,1,0,0,0,4,4,-1.5746809776571293,-1.1418824021228282,2.1308031731379447,-0.637952698044044,1.0026333809705565,1,1,0,2
673,0,0,0,1,4,5,-0.6541426954677421,-0.2631399193052606,-1.0066857229423272,-0.637952698044044,-1.8197930265873101,0,0,0,2
674,0,0,0,1,5,1,0.19094162916513804,-1.2770735533255309,0.09143539068576804,-0.8537893527015858,0.5322289797109121,0,1,1,8
675,0,0,1,0,5,3,0.04003371405212374,-1.0066912509201256,0.7189331699018224,-0.8537893527015858,0.2970267790810899,0,2,2,3
676,0,0,0,1,5,3,0.19094162916513804,-0.9390956753187741,-0.6929368333343,-0.8537893527015858,-0.4085798228083768,0,0,0,2
677,1,0,0,0,5,3,-1.5746809776571293,-1.3446691289268822,0.09143539068576804,-0.8537893527015858,0.2970267790810899,1,0,0,3
678,0,0,0,1,5,3,0.19094162916513804,-0.6687133729133687,1.0326820595098496,-0.8537893527015858,2.6490487853793123,1,1,0,8
679,1,0,0,0,5,4,-0.6541426954677421,-0.2631399193052606,-1.0066857229423272,-0.8537893527015858,-1.8197930265873101,0,0,0,1
680,0,0,0,1,5,4,1.036025953798018,0.07483795870149618,0.5620587250978089,-0.8537893527015858,-0.4085798228083768,1,1,1,2
681,1,0,0,0,5,4,0.04003371405212374,-1.0066912509201256,0.7189331699018224,-0.8537893527015858,0.2970267790810899,0,2,2,8
682,0,0,1,0,5,5,1.171843077399731,-0.2631399193052606,1.0326820595098496,-0.8537893527015858,-0.4085798228083768,1,2,1,64
683,0,0,0,1,5,5,0.04003371405212374,-1.0066912509201256,0.7189331699018224,-0.8537893527015858,0.2970267790810899,0,2,2,8
684,0,0,0,1,5,5,-0.6541426954677421,-0.2631399193052606,-1.0066857229423272,-0.8537893527015858,-1.8197930265873101,0,0,0,2
685,0,0,0,1,5,1,-1.5746809776571293,-1.1418824021228282,2.1308031731379447,-0.8537893527015858,1.0026333809705565,1,1,0,2
686,1,0,0,0,5,2,-1.5746809776571293,-1.1418824021228282,2.1308031731379447,-0.8537893527015858,1.0026333809705565,1,1,0,3
687,0,0,0,1,5,2,-1.5746809776571293,-1.3446691289268822,0.09143539068576804,-0.8537893527015858,0.2970267790810899,1,0,0,1
688,0,0,0,0,5,2,-1.5746809776571293,-1.1418824021228282,2.1308031731379447,-0.8537893527015858,1.0026333809705565,1,1,0,0
689,0,0,0,1,5,3,-0.6541426954677421,-0.2631399193052606,-1.0066857229423272,-0.8537893527015858,-1.8197930265873101,0,0,0,2
690,0,0,0,0,5,3,2.3489248152812423,1.2915583195258205,-0.06543905411824555,-0.8537893527015858,-1.3493886253276657,1,2,4,0
691,0,1,0,0,5,5,-0.6541426954677421,-0.533522221710666,0.5620587250978089,-0.8537893527015858,-1.1141864246978435,0,2,0,1
692,1,0,0,0,5,1,-1.0163216917389764,-1.2094779777241795,-0.37918794372627274,-0.8537893527015858,-0.4085798228083768,1,2,0,48
693,1,0,0,0,5,1,0.19094162916513804,-0.9390956753187741,-0.6929368333343,-0.8537893527015858,-0.4085798228083768,0,0,0,8
694,0,0,0,1,5,3,1.036025953798018,0.07483795870149618,0.5620587250978089,-0.8537893527015858,-0.4085798228083768,1,1,1,8
695,1,0,0,0,5,3,-0.6541426954677421,-0.533522221710666,0.5620587250978089,-0.8537893527015858,-1.1141864246978435,0,2,0,8
696,1,0,0,0,5,3,0.04003371405212374,-0.2631399193052606,-1.3204346125503543,-0.8537893527015858,-0.643782023438199,1,1,2,3
697,1,0,0,0,5,4,1.624566822738774,-0.9390956753187741,-1.3204346125503543,-0.8537893527015858,-0.4085798228083768,0,0,0,8
698,0,0,0,1,5,4,0.19094162916513804,-0.9390956753187741,-0.6929368333343,-0.8537893527015858,-0.4085798228083768,0,0,0,2
699,0,0,0,1,5,4,1.036025953798018,0.07483795870149618,0.5620587250978089,-0.8537893527015858,-0.4085798228083768,1,1,1,2
